10/4/2017,7:00 PM,Toronto Maple Leafs,Winnipeg Jets
10/4/2017,8:00 PM,St. Louis Blues,Pittsburgh Penguins
10/4/2017,10:00 PM,Calgary Flames,Edmonton Oilers
10/4/2017,10:30 PM,Philadelphia Flyers,San Jose Sharks
10/5/2017,7:00 PM,Nashville Predators,Boston Bruins
10/5/2017,7:00 PM,Montreal Canadiens,Buffalo Sabres
10/5/2017,7:00 PM,Colorado Avalanche,New York Rangers
10/5/2017,7:30 PM,Washington Capitals,Ottawa Senators
10/5/2017,7:30 PM,Minnesota Wild,Detroit Red Wings
10/5/2017,8:30 PM,Pittsburgh Penguins,Chicago Blackhawks
10/5/2017,10:00 PM,Arizona Coyotes,Anaheim Ducks
10/5/2017,10:30 PM,Philadelphia Flyers,Los Angeles Kings
10/6/2017,7:00 PM,New York Islanders,Columbus Blue Jackets
10/6/2017,7:30 PM,Florida Panthers,Tampa Bay Lightning
10/6/2017,8:30 PM,Vegas Golden Knights,Dallas Stars
10/7/2017,7:00 PM,New York Rangers,Toronto Maple Leafs
10/7/2017,7:00 PM,Detroit Red Wings,Ottawa Senators
10/7/2017,7:00 PM,Tampa Bay Lightning,Florida Panthers
10/7/2017,7:00 PM,Colorado Avalanche,New Jersey Devils
10/7/2017,7:00 PM,Buffalo Sabres,New York Islanders
10/7/2017,7:00 PM,Nashville Predators,Pittsburgh Penguins
10/7/2017,7:00 PM,Montreal Canadiens,Washington Capitals
10/7/2017,7:00 PM,Minnesota Wild,Carolina Hurricanes
10/7/2017,8:00 PM,Dallas Stars,St. Louis Blues
10/7/2017,8:30 PM,Columbus Blue Jackets,Chicago Blackhawks
10/7/2017,9:00 PM,Vegas Golden Knights,Arizona Coyotes
10/7/2017,10:00 PM,Edmonton Oilers,Vancouver Canucks
10/7/2017,10:00 PM,Philadelphia Flyers,Anaheim Ducks
10/7/2017,10:00 PM,Winnipeg Jets,Calgary Flames
10/7/2017,10:30 PM,Los Angeles Kings,San Jose Sharks
10/8/2017,7:00 PM,Montreal Canadiens,New York Rangers
10/9/2017,1:00 PM,Colorado Avalanche,Boston Bruins
10/9/2017,1:00 PM,St. Louis Blues,New York Islanders
10/9/2017,3:00 PM,New Jersey Devils,Buffalo Sabres
10/9/2017,7:00 PM,Chicago Blackhawks,Toronto Maple Leafs
10/9/2017,7:30 PM,Washington Capitals,Tampa Bay Lightning
10/9/2017,9:00 PM,Winnipeg Jets,Edmonton Oilers
10/9/2017,10:00 PM,Calgary Flames,Anaheim Ducks
10/10/2017,7:00 PM,St. Louis Blues,New York Rangers
10/10/2017,7:00 PM,Columbus Blue Jackets,Carolina Hurricanes
10/10/2017,7:30 PM,Chicago Blackhawks,Montreal Canadiens
10/10/2017,8:00 PM,Philadelphia Flyers,Nashville Predators
10/10/2017,8:30 PM,Detroit Red Wings,Dallas Stars
10/10/2017,10:00 PM,Ottawa Senators,Vancouver Canucks
10/10/2017,10:00 PM,Arizona Coyotes,Vegas Golden Knights
10/11/2017,7:30 PM,New Jersey Devils,Toronto Maple Leafs
10/11/2017,7:30 PM,Pittsburgh Penguins,Washington Capitals
10/11/2017,9:30 PM,Boston Bruins,Colorado Avalanche
10/11/2017,10:00 PM,New York Islanders,Anaheim Ducks
10/11/2017,10:30 PM,Calgary Flames,Los Angeles Kings
10/12/2017,7:30 PM,Pittsburgh Penguins,Tampa Bay Lightning
10/12/2017,7:30 PM,St. Louis Blues,Florida Panthers
10/12/2017,8:00 PM,Dallas Stars,Nashville Predators
10/12/2017,8:30 PM,Minnesota Wild,Chicago Blackhawks
10/12/2017,10:00 PM,Winnipeg Jets,Vancouver Canucks
10/12/2017,10:00 PM,Detroit Red Wings,Arizona Coyotes
10/12/2017,10:30 PM,Buffalo Sabres,San Jose Sharks
10/13/2017,7:00 PM,Washington Capitals,New Jersey Devils
10/13/2017,7:00 PM,New York Rangers,Columbus Blue Jackets
10/13/2017,9:00 PM,Anaheim Ducks,Colorado Avalanche
10/13/2017,9:00 PM,Ottawa Senators,Calgary Flames
10/13/2017,10:30 PM,Detroit Red Wings,Vegas Golden Knights
10/14/2017,7:00 PM,Carolina Hurricanes,Winnipeg Jets
10/14/2017,7:00 PM,Toronto Maple Leafs,Montreal Canadiens
10/14/2017,7:00 PM,St. Louis Blues,Tampa Bay Lightning
10/14/2017,7:00 PM,New Jersey Devils,New York Rangers
10/14/2017,7:00 PM,Washington Capitals,Philadelphia Flyers
10/14/2017,7:00 PM,Florida Panthers,Pittsburgh Penguins
10/14/2017,8:00 PM,Colorado Avalanche,Dallas Stars
10/14/2017,8:00 PM,Columbus Blue Jackets,Minnesota Wild
10/14/2017,8:30 PM,Nashville Predators,Chicago Blackhawks
10/14/2017,9:00 PM,Boston Bruins,Arizona Coyotes
10/14/2017,10:00 PM,Calgary Flames,Vancouver Canucks
10/14/2017,10:00 PM,Ottawa Senators,Edmonton Oilers
10/14/2017,10:30 PM,Buffalo Sabres,Los Angeles Kings
10/14/2017,10:30 PM,New York Islanders,San Jose Sharks
10/15/2017,7:00 PM,Boston Bruins,Vegas Golden Knights
10/15/2017,9:00 PM,Buffalo Sabres,Anaheim Ducks
10/15/2017,10:30 PM,New York Islanders,Los Angeles Kings
10/16/2017,7:30 PM,Tampa Bay Lightning,Detroit Red Wings
10/17/2017,7:00 PM,Tampa Bay Lightning,New Jersey Devils
10/17/2017,7:00 PM,Pittsburgh Penguins,New York Rangers
10/17/2017,7:00 PM,Florida Panthers,Philadelphia Flyers
10/17/2017,7:00 PM,Toronto Maple Leafs,Washington Capitals
10/17/2017,7:30 PM,Vancouver Canucks,Ottawa Senators
10/17/2017,8:00 PM,Colorado Avalanche,Nashville Predators
10/17/2017,8:00 PM,Columbus Blue Jackets,Winnipeg Jets
10/17/2017,8:30 PM,Arizona Coyotes,Dallas Stars
10/17/2017,9:00 PM,Carolina Hurricanes,Edmonton Oilers
10/17/2017,10:00 PM,Buffalo Sabres,Vegas Golden Knights
10/17/2017,10:30 PM,Montreal Canadiens,San Jose Sharks
10/18/2017,7:30 PM,Detroit Red Wings,Toronto Maple Leafs
10/18/2017,8:00 PM,Chicago Blackhawks,St. Louis Blues
10/18/2017,10:30 PM,Montreal Canadiens,Los Angeles Kings
10/19/2017,7:00 PM,Vancouver Canucks,Boston Bruins
10/19/2017,7:00 PM,New York Islanders,New York Rangers
10/19/2017,7:00 PM,Nashville Predators,Philadelphia Flyers
10/19/2017,7:00 PM,Tampa Bay Lightning,Columbus Blue Jackets
10/19/2017,7:30 PM,New Jersey Devils,Ottawa Senators
10/19/2017,8:30 PM,Edmonton Oilers,Chicago Blackhawks
10/19/2017,9:00 PM,St. Louis Blues,Colorado Avalanche
10/19/2017,9:00 PM,Carolina Hurricanes,Calgary Flames
10/19/2017,10:00 PM,Dallas Stars,Arizona Coyotes
10/20/2017,7:00 PM,Vancouver Canucks,Buffalo Sabres
10/20/2017,7:00 PM,San Jose Sharks,New Jersey Devils
10/20/2017,7:30 PM,Washington Capitals,Detroit Red Wings
10/20/2017,7:30 PM,Pittsburgh Penguins,Florida Panthers
10/20/2017,8:00 PM,Minnesota Wild,Winnipeg Jets
10/20/2017,10:00 PM,Montreal Canadiens,Anaheim Ducks
10/21/2017,1:00 PM,Nashville Predators,New York Rangers
10/21/2017,1:00 PM,Edmonton Oilers,Philadelphia Flyers
10/21/2017,7:00 PM,Buffalo Sabres,Boston Bruins
10/21/2017,7:00 PM,Toronto Maple Leafs,Ottawa Senators
10/21/2017,7:00 PM,Pittsburgh Penguins,Tampa Bay Lightning
10/21/2017,7:00 PM,San Jose Sharks,New York Islanders
10/21/2017,7:00 PM,Florida Panthers,Washington Capitals
10/21/2017,7:00 PM,Los Angeles Kings,Columbus Blue Jackets
10/21/2017,8:00 PM,Carolina Hurricanes,Dallas Stars
10/21/2017,9:00 PM,Chicago Blackhawks,Arizona Coyotes
10/21/2017,10:00 PM,Minnesota Wild,Calgary Flames
10/21/2017,10:30 PM,St. Louis Blues,Vegas Golden Knights
10/22/2017,7:00 PM,Vancouver Canucks,Detroit Red Wings
10/23/2017,7:00 PM,Los Angeles Kings,Toronto Maple Leafs
10/23/2017,7:00 PM,San Jose Sharks,New York Rangers
10/24/2017,7:00 PM,Detroit Red Wings,Buffalo Sabres
10/24/2017,7:00 PM,Arizona Coyotes,New York Islanders
10/24/2017,7:00 PM,Anaheim Ducks,Philadelphia Flyers
10/24/2017,7:00 PM,Edmonton Oilers,Pittsburgh Penguins
10/24/2017,7:00 PM,Tampa Bay Lightning,Carolina Hurricanes
10/24/2017,7:30 PM,Florida Panthers,Montreal Canadiens
10/24/2017,7:30 PM,Los Angeles Kings,Ottawa Senators
10/24/2017,8:00 PM,Calgary Flames,Nashville Predators
10/24/2017,8:00 PM,Vancouver Canucks,Minnesota Wild
10/24/2017,9:00 PM,Dallas Stars,Colorado Avalanche
10/24/2017,10:00 PM,Chicago Blackhawks,Vegas Golden Knights
10/25/2017,8:00 PM,Calgary Flames,St. Louis Blues
10/25/2017,8:00 PM,Buffalo Sabres,Columbus Blue Jackets
10/26/2017,7:00 PM,San Jose Sharks,Boston Bruins
10/26/2017,7:00 PM,Carolina Hurricanes,Toronto Maple Leafs
10/26/2017,7:00 PM,Arizona Coyotes,New York Rangers
10/26/2017,7:00 PM,Winnipeg Jets,Pittsburgh Penguins
10/26/2017,7:30 PM,Los Angeles Kings,Montreal Canadiens
10/26/2017,7:30 PM,Philadelphia Flyers,Ottawa Senators
10/26/2017,7:30 PM,Detroit Red Wings,Tampa Bay Lightning
10/26/2017,7:30 PM,Anaheim Ducks,Florida Panthers
10/26/2017,8:00 PM,New York Islanders,Minnesota Wild
10/26/2017,9:00 PM,Dallas Stars,Edmonton Oilers
10/26/2017,10:00 PM,Washington Capitals,Vancouver Canucks
10/27/2017,6:00 PM,Colorado Avalanche,Vegas Golden Knights
10/27/2017,7:00 PM,Ottawa Senators,New Jersey Devils
10/27/2017,7:00 PM,Winnipeg Jets,Columbus Blue Jackets
10/27/2017,7:30 PM,St. Louis Blues,Carolina Hurricanes
10/27/2017,8:30 PM,Nashville Predators,Chicago Blackhawks
10/27/2017,9:00 PM,Dallas Stars,Calgary Flames
10/28/2017,1:00 PM,San Jose Sharks,Buffalo Sabres
10/28/2017,7:00 PM,Los Angeles Kings,Boston Bruins
10/28/2017,7:00 PM,Philadelphia Flyers,Toronto Maple Leafs
10/28/2017,7:00 PM,New York Rangers,Montreal Canadiens
10/28/2017,7:00 PM,Anaheim Ducks,Tampa Bay Lightning
10/28/2017,7:00 PM,Detroit Red Wings,Florida Panthers
10/28/2017,7:00 PM,Arizona Coyotes,New Jersey Devils
10/28/2017,8:00 PM,Columbus Blue Jackets,St. Louis Blues
10/28/2017,8:00 PM,New York Islanders,Nashville Predators
10/28/2017,8:00 PM,Pittsburgh Penguins,Minnesota Wild
10/28/2017,9:00 PM,Chicago Blackhawks,Colorado Avalanche
10/28/2017,10:00 PM,Washington Capitals,Edmonton Oilers
10/29/2017,5:00 PM,Anaheim Ducks,Carolina Hurricanes
10/29/2017,7:00 PM,Pittsburgh Penguins,Winnipeg Jets
10/29/2017,9:00 PM,Washington Capitals,Calgary Flames
10/30/2017,7:00 PM,Vegas Golden Knights,New York Islanders
10/30/2017,7:00 PM,Arizona Coyotes,Philadelphia Flyers
10/30/2017,7:00 PM,Boston Bruins,Columbus Blue Jackets
10/30/2017,7:30 PM,Montreal Canadiens,Ottawa Senators
10/30/2017,7:30 PM,Tampa Bay Lightning,Florida Panthers
10/30/2017,8:00 PM,Los Angeles Kings,St. Louis Blues
10/30/2017,10:00 PM,Dallas Stars,Vancouver Canucks
10/30/2017,10:30 PM,Toronto Maple Leafs,San Jose Sharks
10/31/2017,7:00 PM,Vegas Golden Knights,New York Rangers
10/31/2017,7:30 PM,Arizona Coyotes,Detroit Red Wings
10/31/2017,8:00 PM,Winnipeg Jets,Minnesota Wild
11/1/2017,8:00 PM,Philadelphia Flyers,Chicago Blackhawks
11/1/2017,8:30 PM,Pittsburgh Penguins,Edmonton Oilers
11/1/2017,10:00 PM,New Jersey Devils,Vancouver Canucks
11/1/2017,10:00 PM,Toronto Maple Leafs,Anaheim Ducks
11/1/2017,10:30 PM,Nashville Predators,San Jose Sharks
11/2/2017,7:00 PM,Vegas Golden Knights,Boston Bruins
11/2/2017,7:00 PM,New York Islanders,Washington Capitals
11/2/2017,7:30 PM,Detroit Red Wings,Ottawa Senators
11/2/2017,7:30 PM,New York Rangers,Tampa Bay Lightning
11/2/2017,7:30 PM,Columbus Blue Jackets,Florida Panthers
11/2/2017,8:00 PM,Philadelphia Flyers,St. Louis Blues
11/2/2017,8:00 PM,Montreal Canadiens,Minnesota Wild
11/2/2017,8:00 PM,Dallas Stars,Winnipeg Jets
11/2/2017,9:00 PM,Carolina Hurricanes,Colorado Avalanche
11/2/2017,9:00 PM,Pittsburgh Penguins,Calgary Flames
11/2/2017,10:00 PM,Buffalo Sabres,Arizona Coyotes
11/2/2017,10:30 PM,Toronto Maple Leafs,Los Angeles Kings
11/3/2017,9:00 PM,New Jersey Devils,Edmonton Oilers
11/3/2017,10:00 PM,Nashville Predators,Anaheim Ducks
11/4/2017,2:00 PM,Vegas Golden Knights,Ottawa Senators
11/4/2017,7:00 PM,Toronto Maple Leafs,St. Louis Blues
11/4/2017,7:00 PM,Montreal Canadiens,Winnipeg Jets
11/4/2017,7:00 PM,Washington Capitals,Boston Bruins
11/4/2017,7:00 PM,Columbus Blue Jackets,Tampa Bay Lightning
11/4/2017,7:00 PM,New York Rangers,Florida Panthers
11/4/2017,7:00 PM,Colorado Avalanche,Philadelphia Flyers
11/4/2017,8:00 PM,Buffalo Sabres,Dallas Stars
11/4/2017,8:00 PM,Chicago Blackhawks,Minnesota Wild
11/4/2017,9:00 PM,Carolina Hurricanes,Arizona Coyotes
11/4/2017,10:00 PM,Pittsburgh Penguins,Vancouver Canucks
11/4/2017,10:30 PM,Nashville Predators,Los Angeles Kings
11/4/2017,10:30 PM,Anaheim Ducks,San Jose Sharks
11/5/2017,4:00 PM,Detroit Red Wings,Edmonton Oilers
11/5/2017,6:00 PM,Colorado Avalanche,New York Islanders
11/5/2017,7:00 PM,Montreal Canadiens,Chicago Blackhawks
11/5/2017,9:00 PM,New Jersey Devils,Calgary Flames
11/6/2017,7:00 PM,Minnesota Wild,Boston Bruins
11/6/2017,7:00 PM,Vegas Golden Knights,Toronto Maple Leafs
11/6/2017,7:00 PM,Columbus Blue Jackets,New York Rangers
11/6/2017,7:00 PM,Arizona Coyotes,Washington Capitals
11/6/2017,8:30 PM,Winnipeg Jets,Dallas Stars
11/6/2017,10:00 PM,Detroit Red Wings,Vancouver Canucks
11/7/2017,7:00 PM,Washington Capitals,Buffalo Sabres
11/7/2017,7:00 PM,St. Louis Blues,New Jersey Devils
11/7/2017,7:00 PM,Edmonton Oilers,New York Islanders
11/7/2017,7:00 PM,Arizona Coyotes,Pittsburgh Penguins
11/7/2017,7:00 PM,Florida Panthers,Carolina Hurricanes
11/7/2017,7:00 PM,Nashville Predators,Columbus Blue Jackets
11/7/2017,7:30 PM,Vegas Golden Knights,Montreal Canadiens
11/7/2017,9:00 PM,Vancouver Canucks,Calgary Flames
11/7/2017,10:00 PM,Los Angeles Kings,Anaheim Ducks
11/8/2017,7:30 PM,Minnesota Wild,Toronto Maple Leafs
11/8/2017,8:00 PM,Boston Bruins,New York Rangers
11/8/2017,10:30 PM,Tampa Bay Lightning,San Jose Sharks
11/9/2017,7:00 PM,Edmonton Oilers,New Jersey Devils
11/9/2017,7:00 PM,Chicago Blackhawks,Philadelphia Flyers
11/9/2017,7:30 PM,Minnesota Wild,Montreal Canadiens
11/9/2017,8:00 PM,Arizona Coyotes,St. Louis Blues
11/9/2017,9:00 PM,Detroit Red Wings,Calgary Flames
11/9/2017,10:00 PM,Vancouver Canucks,Anaheim Ducks
11/9/2017,10:30 PM,Tampa Bay Lightning,Los Angeles Kings
11/10/2017,7:00 PM,Florida Panthers,Buffalo Sabres
11/10/2017,7:00 PM,Boston Bruins,Toronto Maple Leafs
11/10/2017,7:00 PM,Pittsburgh Penguins,Washington Capitals
11/10/2017,7:00 PM,Carolina Hurricanes,Columbus Blue Jackets
11/10/2017,8:30 PM,New York Islanders,Dallas Stars
11/10/2017,10:00 PM,Ottawa Senators,Colorado Avalanche
11/10/2017,10:30 PM,Winnipeg Jets,Vegas Golden Knights
11/11/2017,1:00 PM,Edmonton Oilers,New York Rangers
11/11/2017,7:00 PM,Toronto Maple Leafs,Boston Bruins
11/11/2017,7:00 PM,Buffalo Sabres,Montreal Canadiens
11/11/2017,7:00 PM,Colorado Avalanche,Ottawa Senators
11/11/2017,7:00 PM,Columbus Blue Jackets,Detroit Red Wings
11/11/2017,7:00 PM,Florida Panthers,New Jersey Devils
11/11/2017,7:00 PM,Minnesota Wild,Philadelphia Flyers
11/11/2017,7:00 PM,Chicago Blackhawks,Carolina Hurricanes
11/11/2017,8:00 PM,New York Islanders,St. Louis Blues
11/11/2017,8:00 PM,Pittsburgh Penguins,Nashville Predators
11/11/2017,10:00 PM,Vancouver Canucks,San Jose Sharks
11/11/2017,10:00 PM,Winnipeg Jets,Arizona Coyotes
11/12/2017,7:00 PM,New Jersey Devils,Chicago Blackhawks
11/12/2017,7:00 PM,Edmonton Oilers,Washington Capitals
11/12/2017,8:00 PM,Tampa Bay Lightning,Anaheim Ducks
11/12/2017,10:30 PM,San Jose Sharks,Los Angeles Kings
11/13/2017,7:00 PM,Dallas Stars,Carolina Hurricanes
11/13/2017,9:00 PM,St. Louis Blues,Calgary Flames
11/14/2017,7:00 PM,Buffalo Sabres,Pittsburgh Penguins
11/14/2017,7:30 PM,Columbus Blue Jackets,Montreal Canadiens
11/14/2017,7:30 PM,Dallas Stars,Florida Panthers
11/14/2017,8:00 PM,Washington Capitals,Nashville Predators
11/14/2017,8:00 PM,Philadelphia Flyers,Minnesota Wild
11/14/2017,8:00 PM,Arizona Coyotes,Winnipeg Jets
11/14/2017,9:00 PM,Vegas Golden Knights,Edmonton Oilers
11/14/2017,10:30 PM,Vancouver Canucks,Los Angeles Kings
11/15/2017,7:30 PM,Calgary Flames,Detroit Red Wings
11/15/2017,8:00 PM,New York Rangers,Chicago Blackhawks
11/15/2017,10:00 PM,Boston Bruins,Anaheim Ducks
11/16/2017,7:00 PM,New Jersey Devils,Toronto Maple Leafs
11/16/2017,7:00 PM,Carolina Hurricanes,New York Islanders
11/16/2017,7:30 PM,Arizona Coyotes,Montreal Canadiens
11/16/2017,7:30 PM,Pittsburgh Penguins,Ottawa Senators
11/16/2017,7:30 PM,Dallas Stars,Tampa Bay Lightning
11/16/2017,8:00 PM,Nashville Predators,Minnesota Wild
11/16/2017,8:00 PM,Philadelphia Flyers,Winnipeg Jets
11/16/2017,9:00 PM,Washington Capitals,Colorado Avalanche
11/16/2017,9:00 PM,St. Louis Blues,Edmonton Oilers
11/16/2017,10:00 PM,Vegas Golden Knights,Vancouver Canucks
11/16/2017,10:30 PM,Boston Bruins,Los Angeles Kings
11/16/2017,10:30 PM,Florida Panthers,San Jose Sharks
11/17/2017,7:00 PM,New York Rangers,Columbus Blue Jackets
11/17/2017,7:30 PM,Buffalo Sabres,Detroit Red Wings
11/18/2017,1:00 PM,Calgary Flames,Philadelphia Flyers
11/18/2017,2:00 PM,Edmonton Oilers,Dallas Stars
11/18/2017,2:00 PM,Arizona Coyotes,Ottawa Senators
11/18/2017,3:00 PM,New Jersey Devils,Winnipeg Jets
11/18/2017,4:00 PM,Florida Panthers,Los Angeles Kings
11/18/2017,7:00 PM,Carolina Hurricanes,Buffalo Sabres
11/18/2017,7:00 PM,Toronto Maple Leafs,Montreal Canadiens
11/18/2017,7:00 PM,New York Islanders,Tampa Bay Lightning
11/18/2017,7:00 PM,Chicago Blackhawks,Pittsburgh Penguins
11/18/2017,7:30 PM,Minnesota Wild,Washington Capitals
11/18/2017,8:00 PM,Colorado Avalanche,Nashville Predators
11/18/2017,10:00 PM,St. Louis Blues,Vancouver Canucks
11/18/2017,10:30 PM,Boston Bruins,San Jose Sharks
11/19/2017,5:00 PM,New York Islanders,Carolina Hurricanes
11/19/2017,6:00 PM,Colorado Avalanche,Detroit Red Wings
11/19/2017,7:00 PM,Ottawa Senators,New York Rangers
11/19/2017,8:00 PM,Los Angeles Kings,Vegas Golden Knights
11/19/2017,8:00 PM,Florida Panthers,Anaheim Ducks
11/20/2017,7:00 PM,Columbus Blue Jackets,Buffalo Sabres
11/20/2017,7:00 PM,Arizona Coyotes,Toronto Maple Leafs
11/20/2017,7:00 PM,Calgary Flames,Washington Capitals
11/20/2017,8:00 PM,Winnipeg Jets,Nashville Predators
11/20/2017,8:00 PM,New Jersey Devils,Minnesota Wild
11/20/2017,10:30 PM,Anaheim Ducks,San Jose Sharks
11/21/2017,7:00 PM,Vancouver Canucks,Philadelphia Flyers
11/21/2017,8:00 PM,Edmonton Oilers,St. Louis Blues
11/21/2017,8:30 PM,Montreal Canadiens,Dallas Stars
11/22/2017,7:00 PM,Minnesota Wild,Buffalo Sabres
11/22/2017,7:00 PM,Edmonton Oilers,Detroit Red Wings
11/22/2017,7:00 PM,Toronto Maple Leafs,Florida Panthers
11/22/2017,7:00 PM,Boston Bruins,New Jersey Devils
11/22/2017,7:00 PM,Philadelphia Flyers,New York Islanders
11/22/2017,7:00 PM,Vancouver Canucks,Pittsburgh Penguins
11/22/2017,7:00 PM,Ottawa Senators,Washington Capitals
11/22/2017,7:00 PM,New York Rangers,Carolina Hurricanes
11/22/2017,7:00 PM,Calgary Flames,Columbus Blue Jackets
11/22/2017,7:30 PM,Chicago Blackhawks,Tampa Bay Lightning
11/22/2017,8:00 PM,Montreal Canadiens,Nashville Predators
11/22/2017,9:00 PM,Dallas Stars,Colorado Avalanche
11/22/2017,9:00 PM,San Jose Sharks,Arizona Coyotes
11/22/2017,10:00 PM,Vegas Golden Knights,Anaheim Ducks
11/22/2017,10:30 PM,Winnipeg Jets,Los Angeles Kings
11/24/2017,1:00 PM,Pittsburgh Penguins,Boston Bruins
11/24/2017,4:00 PM,Winnipeg Jets,Anaheim Ducks
11/24/2017,4:00 PM,Colorado Avalanche,Minnesota Wild
11/24/2017,4:00 PM,New York Islanders,Philadelphia Flyers
11/24/2017,5:00 PM,Tampa Bay Lightning,Washington Capitals
11/24/2017,7:00 PM,Edmonton Oilers,Buffalo Sabres
11/24/2017,7:00 PM,Vancouver Canucks,New Jersey Devils
11/24/2017,7:00 PM,Detroit Red Wings,New York Rangers
11/24/2017,7:00 PM,Ottawa Senators,Columbus Blue Jackets
11/24/2017,7:30 PM,Toronto Maple Leafs,Carolina Hurricanes
11/24/2017,8:00 PM,Nashville Predators,St. Louis Blues
11/24/2017,9:00 PM,Los Angeles Kings,Arizona Coyotes
11/24/2017,9:00 PM,Calgary Flames,Dallas Stars
11/24/2017,10:00 PM,San Jose Sharks,Vegas Golden Knights
11/25/2017,7:00 PM,Washington Capitals,Toronto Maple Leafs
11/25/2017,7:00 PM,Buffalo Sabres,Montreal Canadiens
11/25/2017,7:00 PM,New York Islanders,Ottawa Senators
11/25/2017,7:00 PM,New Jersey Devils,Detroit Red Wings
11/25/2017,7:00 PM,Chicago Blackhawks,Florida Panthers
11/25/2017,7:00 PM,Tampa Bay Lightning,Pittsburgh Penguins
11/25/2017,8:00 PM,Vegas Golden Knights,Arizona Coyotes
11/25/2017,8:00 PM,Minnesota Wild,St. Louis Blues
11/25/2017,10:00 PM,Winnipeg Jets,San Jose Sharks
11/25/2017,10:00 PM,Calgary Flames,Colorado Avalanche
11/25/2017,10:30 PM,Anaheim Ducks,Los Angeles Kings
11/26/2017,1:00 PM,Nashville Predators,Carolina Hurricanes
11/26/2017,2:00 PM,Vancouver Canucks,New York Rangers
11/26/2017,5:00 PM,Edmonton Oilers,Boston Bruins
11/27/2017,7:00 PM,Florida Panthers,New Jersey Devils
11/27/2017,7:00 PM,Philadelphia Flyers,Pittsburgh Penguins
11/27/2017,7:30 PM,Columbus Blue Jackets,Montreal Canadiens
11/27/2017,8:00 PM,Minnesota Wild,Winnipeg Jets
11/27/2017,8:30 PM,Anaheim Ducks,Chicago Blackhawks
11/28/2017,7:00 PM,Tampa Bay Lightning,Buffalo Sabres
11/28/2017,7:00 PM,Vancouver Canucks,New York Islanders
11/28/2017,7:00 PM,Florida Panthers,New York Rangers
11/28/2017,7:00 PM,San Jose Sharks,Philadelphia Flyers
11/28/2017,7:00 PM,Carolina Hurricanes,Columbus Blue Jackets
11/28/2017,7:30 PM,Los Angeles Kings,Detroit Red Wings
11/28/2017,8:00 PM,Chicago Blackhawks,Nashville Predators
11/28/2017,9:00 PM,Toronto Maple Leafs,Calgary Flames
11/28/2017,9:00 PM,Arizona Coyotes,Edmonton Oilers
11/28/2017,10:00 PM,Dallas Stars,Vegas Golden Knights
11/29/2017,7:30 PM,Tampa Bay Lightning,Boston Bruins
11/29/2017,7:30 PM,Ottawa Senators,Montreal Canadiens
11/29/2017,9:00 PM,Anaheim Ducks,St. Louis Blues
11/29/2017,9:30 PM,Winnipeg Jets,Colorado Avalanche
11/30/2017,7:00 PM,Los Angeles Kings,Washington Capitals
11/30/2017,7:30 PM,Montreal Canadiens,Detroit Red Wings
11/30/2017,8:00 PM,Vancouver Canucks,Nashville Predators
11/30/2017,8:00 PM,Vegas Golden Knights,Minnesota Wild
11/30/2017,8:30 PM,Dallas Stars,Chicago Blackhawks
11/30/2017,9:00 PM,Arizona Coyotes,Calgary Flames
11/30/2017,9:00 PM,Toronto Maple Leafs,Edmonton Oilers
12/1/2017,7:00 PM,Pittsburgh Penguins,Buffalo Sabres
12/1/2017,7:00 PM,Ottawa Senators,New York Islanders
12/1/2017,7:00 PM,Carolina Hurricanes,New York Rangers
12/1/2017,7:00 PM,Anaheim Ducks,Columbus Blue Jackets
12/1/2017,7:30 PM,San Jose Sharks,Florida Panthers
12/1/2017,8:00 PM,Los Angeles Kings,St. Louis Blues
12/1/2017,8:00 PM,Vegas Golden Knights,Winnipeg Jets
12/1/2017,9:00 PM,New Jersey Devils,Colorado Avalanche
12/2/2017,1:00 PM,Boston Bruins,Philadelphia Flyers
12/2/2017,6:00 PM,St. Louis Blues,Minnesota Wild
12/2/2017,7:00 PM,Toronto Maple Leafs,Vancouver Canucks
12/2/2017,7:00 PM,Detroit Red Wings,Montreal Canadiens
12/2/2017,7:00 PM,San Jose Sharks,Tampa Bay Lightning
12/2/2017,7:00 PM,Buffalo Sabres,Pittsburgh Penguins
12/2/2017,7:00 PM,Columbus Blue Jackets,Washington Capitals
12/2/2017,8:00 PM,New Jersey Devils,Arizona Coyotes
12/2/2017,8:00 PM,Anaheim Ducks,Nashville Predators
12/2/2017,8:00 PM,Florida Panthers,Carolina Hurricanes
12/2/2017,9:00 PM,Chicago Blackhawks,Dallas Stars
12/2/2017,10:00 PM,Edmonton Oilers,Calgary Flames
12/3/2017,7:00 PM,Los Angeles Kings,Chicago Blackhawks
12/3/2017,7:00 PM,Ottawa Senators,Winnipeg Jets
12/3/2017,8:00 PM,Arizona Coyotes,Vegas Golden Knights
12/3/2017,8:00 PM,Dallas Stars,Colorado Avalanche
12/4/2017,7:00 PM,San Jose Sharks,Washington Capitals
12/4/2017,7:30 PM,New York Islanders,Florida Panthers
12/4/2017,8:00 PM,Boston Bruins,Nashville Predators
12/4/2017,9:00 PM,Philadelphia Flyers,Calgary Flames
12/5/2017,7:00 PM,New York Rangers,Pittsburgh Penguins
12/5/2017,7:00 PM,New Jersey Devils,Columbus Blue Jackets
12/5/2017,7:30 PM,St. Louis Blues,Montreal Canadiens
12/5/2017,7:30 PM,Winnipeg Jets,Detroit Red Wings
12/5/2017,7:30 PM,New York Islanders,Tampa Bay Lightning
12/5/2017,8:30 PM,Nashville Predators,Dallas Stars
12/5/2017,9:00 PM,Buffalo Sabres,Colorado Avalanche
12/5/2017,10:00 PM,Carolina Hurricanes,Vancouver Canucks
12/5/2017,10:00 PM,Anaheim Ducks,Vegas Golden Knights
12/5/2017,10:30 PM,Minnesota Wild,Los Angeles Kings
12/6/2017,7:30 PM,Calgary Flames,Toronto Maple Leafs
12/6/2017,8:00 PM,Chicago Blackhawks,Washington Capitals
12/6/2017,9:30 PM,Philadelphia Flyers,Edmonton Oilers
12/6/2017,10:00 PM,Ottawa Senators,Anaheim Ducks
12/7/2017,7:00 PM,Arizona Coyotes,Boston Bruins
12/7/2017,7:00 PM,New York Islanders,Pittsburgh Penguins
12/7/2017,7:30 PM,Calgary Flames,Montreal Canadiens
12/7/2017,7:30 PM,Colorado Avalanche,Tampa Bay Lightning
12/7/2017,7:30 PM,Winnipeg Jets,Florida Panthers
12/7/2017,8:00 PM,Dallas Stars,St. Louis Blues
12/7/2017,10:00 PM,Philadelphia Flyers,Vancouver Canucks
12/7/2017,10:30 PM,Ottawa Senators,Los Angeles Kings
12/7/2017,10:30 PM,Carolina Hurricanes,San Jose Sharks
12/8/2017,7:00 PM,Columbus Blue Jackets,New Jersey Devils
12/8/2017,7:00 PM,New York Rangers,Washington Capitals
12/8/2017,8:00 PM,Vegas Golden Knights,Nashville Predators
12/8/2017,8:30 PM,Buffalo Sabres,Chicago Blackhawks
12/8/2017,10:00 PM,Minnesota Wild,Anaheim Ducks
12/9/2017,3:00 PM,St. Louis Blues,Detroit Red Wings
12/9/2017,7:00 PM,New York Islanders,Boston Bruins
12/9/2017,7:00 PM,Edmonton Oilers,Montreal Canadiens
12/9/2017,7:00 PM,Winnipeg Jets,Tampa Bay Lightning
12/9/2017,7:00 PM,Colorado Avalanche,Florida Panthers
12/9/2017,7:00 PM,New Jersey Devils,New York Rangers
12/9/2017,7:00 PM,Toronto Maple Leafs,Pittsburgh Penguins
12/9/2017,7:00 PM,Arizona Coyotes,Columbus Blue Jackets
12/9/2017,8:00 PM,Vegas Golden Knights,Dallas Stars
12/9/2017,10:00 PM,Ottawa Senators,San Jose Sharks
12/9/2017,10:00 PM,Vancouver Canucks,Calgary Flames
12/9/2017,10:30 PM,Carolina Hurricanes,Los Angeles Kings
12/10/2017,7:00 PM,Arizona Coyotes,Chicago Blackhawks
12/10/2017,7:00 PM,Buffalo Sabres,St. Louis Blues
12/10/2017,7:00 PM,Edmonton Oilers,Toronto Maple Leafs
12/10/2017,9:00 PM,Minnesota Wild,San Jose Sharks
12/11/2017,7:00 PM,Washington Capitals,New York Islanders
12/11/2017,7:00 PM,Dallas Stars,New York Rangers
12/11/2017,7:00 PM,Colorado Avalanche,Pittsburgh Penguins
12/11/2017,7:30 PM,Florida Panthers,Detroit Red Wings
12/11/2017,8:00 PM,Vancouver Canucks,Winnipeg Jets
12/11/2017,10:00 PM,Carolina Hurricanes,Anaheim Ducks
12/12/2017,7:00 PM,Ottawa Senators,Buffalo Sabres
12/12/2017,7:00 PM,Los Angeles Kings,New Jersey Devils
12/12/2017,7:00 PM,Toronto Maple Leafs,Philadelphia Flyers
12/12/2017,7:00 PM,Colorado Avalanche,Washington Capitals
12/12/2017,7:00 PM,Edmonton Oilers,Columbus Blue Jackets
12/12/2017,8:00 PM,Tampa Bay Lightning,St. Louis Blues
12/12/2017,8:00 PM,Calgary Flames,Minnesota Wild
12/12/2017,8:30 PM,Florida Panthers,Chicago Blackhawks
12/12/2017,10:00 PM,Carolina Hurricanes,Vegas Golden Knights
12/13/2017,7:00 PM,New York Rangers,Ottawa Senators
12/13/2017,7:00 PM,Dallas Stars,New York Islanders
12/13/2017,8:00 PM,Boston Bruins,Detroit Red Wings
12/13/2017,10:00 PM,Nashville Predators,Vancouver Canucks
12/14/2017,7:00 PM,Washington Capitals,Boston Bruins
12/14/2017,7:00 PM,Buffalo Sabres,Philadelphia Flyers
12/14/2017,7:00 PM,New York Islanders,Columbus Blue Jackets
12/14/2017,7:30 PM,New Jersey Devils,Montreal Canadiens
12/14/2017,8:00 PM,Anaheim Ducks,St. Louis Blues
12/14/2017,8:00 PM,Toronto Maple Leafs,Minnesota Wild
12/14/2017,8:00 PM,Chicago Blackhawks,Winnipeg Jets
12/14/2017,9:00 PM,Florida Panthers,Colorado Avalanche
12/14/2017,9:00 PM,San Jose Sharks,Calgary Flames
12/14/2017,9:00 PM,Nashville Predators,Edmonton Oilers
12/14/2017,9:00 PM,Tampa Bay Lightning,Arizona Coyotes
12/14/2017,10:00 PM,Pittsburgh Penguins,Vegas Golden Knights
12/15/2017,7:00 PM,Carolina Hurricanes,Buffalo Sabres
12/15/2017,7:00 PM,Dallas Stars,New Jersey Devils
12/15/2017,7:00 PM,Los Angeles Kings,New York Rangers
12/15/2017,7:30 PM,Toronto Maple Leafs,Detroit Red Wings
12/15/2017,10:00 PM,San Jose Sharks,Vancouver Canucks
12/16/2017,2:00 PM,Edmonton Oilers,Minnesota Wild
12/16/2017,5:00 PM,New York Rangers,Boston Bruins
12/16/2017,7:00 PM,Winnipeg Jets,St. Louis Blues
12/16/2017,7:00 PM,Montreal Canadiens,Ottawa Senators
12/16/2017,7:00 PM,Los Angeles Kings,New York Islanders
12/16/2017,7:00 PM,Dallas Stars,Philadelphia Flyers
12/16/2017,7:30 PM,Anaheim Ducks,Washington Capitals
12/16/2017,8:00 PM,Pittsburgh Penguins,Arizona Coyotes
12/16/2017,8:00 PM,Columbus Blue Jackets,Carolina Hurricanes
12/16/2017,9:00 PM,Tampa Bay Lightning,Colorado Avalanche
12/16/2017,10:00 PM,Nashville Predators,Calgary Flames
12/17/2017,6:00 PM,St. Louis Blues,Winnipeg Jets
12/17/2017,7:00 PM,Minnesota Wild,Chicago Blackhawks
12/17/2017,8:00 PM,Calgary Flames,Vancouver Canucks
12/17/2017,8:00 PM,Florida Panthers,Vegas Golden Knights
12/18/2017,7:00 PM,Columbus Blue Jackets,Boston Bruins
12/18/2017,7:00 PM,Anaheim Ducks,New Jersey Devils
12/18/2017,7:00 PM,Los Angeles Kings,Philadelphia Flyers
12/18/2017,9:00 PM,Pittsburgh Penguins,Colorado Avalanche
12/18/2017,9:00 PM,San Jose Sharks,Edmonton Oilers
12/19/2017,2:00 PM,Carolina Hurricanes,Toronto Maple Leafs
12/19/2017,7:00 PM,Boston Bruins,Buffalo Sabres
12/19/2017,7:00 PM,Detroit Red Wings,New York Islanders
12/19/2017,7:00 PM,Anaheim Ducks,New York Rangers
12/19/2017,7:30 PM,Minnesota Wild,Ottawa Senators
12/19/2017,8:00 PM,Winnipeg Jets,Nashville Predators
12/19/2017,8:30 PM,Washington Capitals,Dallas Stars
12/19/2017,9:00 PM,Florida Panthers,Arizona Coyotes
12/19/2017,10:00 PM,Montreal Canadiens,Vancouver Canucks
12/19/2017,10:00 PM,Tampa Bay Lightning,Vegas Golden Knights
12/20/2017,7:30 PM,Toronto Maple Leafs,Columbus Blue Jackets
12/20/2017,8:00 PM,Detroit Red Wings,Philadelphia Flyers
12/20/2017,9:30 PM,St. Louis Blues,Calgary Flames
12/21/2017,7:00 PM,Winnipeg Jets,Boston Bruins
12/21/2017,7:00 PM,New York Rangers,New Jersey Devils
12/21/2017,7:00 PM,Anaheim Ducks,New York Islanders
12/21/2017,7:00 PM,Columbus Blue Jackets,Pittsburgh Penguins
12/21/2017,7:30 PM,Ottawa Senators,Tampa Bay Lightning
12/21/2017,8:00 PM,Carolina Hurricanes,Nashville Predators
12/21/2017,8:30 PM,Chicago Blackhawks,Dallas Stars
12/21/2017,9:00 PM,St. Louis Blues,Edmonton Oilers
12/21/2017,10:30 PM,Colorado Avalanche,Los Angeles Kings
12/21/2017,10:30 PM,Vancouver Canucks,San Jose Sharks
12/22/2017,7:00 PM,Philadelphia Flyers,Buffalo Sabres
12/22/2017,7:30 PM,Minnesota Wild,Florida Panthers
12/22/2017,9:00 PM,Montreal Canadiens,Calgary Flames
12/22/2017,9:00 PM,Washington Capitals,Arizona Coyotes
12/23/2017,1:00 PM,Detroit Red Wings,Boston Bruins
12/23/2017,1:00 PM,Winnipeg Jets,New York Islanders
12/23/2017,7:00 PM,Montreal Canadiens,Edmonton Oilers
12/23/2017,7:00 PM,Minnesota Wild,Tampa Bay Lightning
12/23/2017,7:00 PM,Ottawa Senators,Florida Panthers
12/23/2017,7:00 PM,Chicago Blackhawks,New Jersey Devils
12/23/2017,7:00 PM,Toronto Maple Leafs,New York Rangers
12/23/2017,7:00 PM,Anaheim Ducks,Pittsburgh Penguins
12/23/2017,7:00 PM,Buffalo Sabres,Carolina Hurricanes
12/23/2017,7:00 PM,Philadelphia Flyers,Columbus Blue Jackets
12/23/2017,8:00 PM,Washington Capitals,Vegas Golden Knights
12/23/2017,8:00 PM,Colorado Avalanche,Arizona Coyotes
12/23/2017,8:00 PM,Nashville Predators,Dallas Stars
12/23/2017,10:00 PM,St. Louis Blues,Vancouver Canucks
12/23/2017,10:00 PM,Los Angeles Kings,San Jose Sharks
12/27/2017,7:00 PM,Ottawa Senators,Boston Bruins
12/27/2017,7:00 PM,Detroit Red Wings,New Jersey Devils
12/27/2017,7:00 PM,Buffalo Sabres,New York Islanders
12/27/2017,7:00 PM,Washington Capitals,New York Rangers
12/27/2017,7:00 PM,Columbus Blue Jackets,Pittsburgh Penguins
12/27/2017,7:00 PM,Montreal Canadiens,Carolina Hurricanes
12/27/2017,8:00 PM,Nashville Predators,St. Louis Blues
12/27/2017,8:00 PM,Dallas Stars,Minnesota Wild
12/27/2017,8:00 PM,Edmonton Oilers,Winnipeg Jets
12/27/2017,9:00 PM,Arizona Coyotes,Colorado Avalanche
12/27/2017,10:00 PM,Vegas Golden Knights,Anaheim Ducks
12/28/2017,7:00 PM,Boston Bruins,Washington Capitals
12/28/2017,7:30 PM,Montreal Canadiens,Tampa Bay Lightning
12/28/2017,7:30 PM,Philadelphia Flyers,Florida Panthers
12/28/2017,9:00 PM,Toronto Maple Leafs,Arizona Coyotes
12/28/2017,10:00 PM,Chicago Blackhawks,Vancouver Canucks
12/28/2017,10:30 PM,Vegas Golden Knights,Los Angeles Kings
12/28/2017,10:30 PM,Calgary Flames,San Jose Sharks
12/29/2017,7:00 PM,Buffalo Sabres,New Jersey Devils
12/29/2017,7:30 PM,Columbus Blue Jackets,Ottawa Senators
12/29/2017,7:30 PM,New York Rangers,Detroit Red Wings
12/29/2017,7:30 PM,Philadelphia Flyers,Tampa Bay Lightning
12/29/2017,7:30 PM,Pittsburgh Penguins,Carolina Hurricanes
12/29/2017,8:00 PM,Nashville Predators,Minnesota Wild
12/29/2017,8:00 PM,New York Islanders,Winnipeg Jets
12/29/2017,8:30 PM,St. Louis Blues,Dallas Stars
12/29/2017,9:00 PM,Toronto Maple Leafs,Colorado Avalanche
12/29/2017,9:00 PM,Chicago Blackhawks,Edmonton Oilers
12/29/2017,10:00 PM,Calgary Flames,Anaheim Ducks
12/30/2017,7:00 PM,Boston Bruins,Ottawa Senators
12/30/2017,7:00 PM,Montreal Canadiens,Florida Panthers
12/30/2017,7:00 PM,New Jersey Devils,Washington Capitals
12/30/2017,8:00 PM,Carolina Hurricanes,St. Louis Blues
12/30/2017,8:00 PM,Minnesota Wild,Nashville Predators
12/30/2017,10:00 PM,Los Angeles Kings,Vancouver Canucks
12/31/2017,3:30 PM,Toronto Maple Leafs,Vegas Golden Knights
12/31/2017,4:00 PM,Arizona Coyotes,Anaheim Ducks
12/31/2017,6:00 PM,Tampa Bay Lightning,Columbus Blue Jackets
12/31/2017,7:00 PM,Winnipeg Jets,Edmonton Oilers
12/31/2017,7:00 PM,Pittsburgh Penguins,Detroit Red Wings
12/31/2017,8:00 PM,New York Islanders,Colorado Avalanche
12/31/2017,8:00 PM,San Jose Sharks,Dallas Stars
12/31/2017,9:00 PM,Chicago Blackhawks,Calgary Flames
1/1/2018,1:00 PM,New York Rangers,Buffalo Sabres
1/2/2018,7:00 PM,Tampa Bay Lightning,Toronto Maple Leafs
1/2/2018,7:00 PM,Boston Bruins,New York Islanders
1/2/2018,7:00 PM,Pittsburgh Penguins,Philadelphia Flyers
1/2/2018,7:00 PM,Washington Capitals,Carolina Hurricanes
1/2/2018,7:30 PM,San Jose Sharks,Montreal Canadiens
1/2/2018,8:00 PM,New Jersey Devils,St. Louis Blues
1/2/2018,8:00 PM,Florida Panthers,Minnesota Wild
1/2/2018,8:30 PM,Columbus Blue Jackets,Dallas Stars
1/2/2018,9:00 PM,Winnipeg Jets,Colorado Avalanche
1/2/2018,9:00 PM,Los Angeles Kings,Edmonton Oilers
1/2/2018,10:00 PM,Anaheim Ducks,Vancouver Canucks
1/2/2018,10:00 PM,Nashville Predators,Vegas Golden Knights
1/3/2018,7:30 PM,Ottawa Senators,Detroit Red Wings
1/3/2018,8:00 PM,Chicago Blackhawks,New York Rangers
1/4/2018,7:00 PM,Florida Panthers,Boston Bruins
1/4/2018,7:00 PM,San Jose Sharks,Toronto Maple Leafs
1/4/2018,7:00 PM,New York Islanders,Philadelphia Flyers
1/4/2018,7:00 PM,Carolina Hurricanes,Pittsburgh Penguins
1/4/2018,7:30 PM,Tampa Bay Lightning,Montreal Canadiens
1/4/2018,8:00 PM,Vegas Golden Knights,St. Louis Blues
1/4/2018,8:00 PM,Buffalo Sabres,Minnesota Wild
1/4/2018,8:30 PM,New Jersey Devils,Dallas Stars
1/4/2018,9:00 PM,Columbus Blue Jackets,Colorado Avalanche
1/4/2018,9:00 PM,Los Angeles Kings,Calgary Flames
1/4/2018,9:00 PM,Anaheim Ducks,Edmonton Oilers
1/4/2018,9:00 PM,Nashville Predators,Arizona Coyotes
1/5/2018,7:00 PM,Pittsburgh Penguins,New York Islanders
1/5/2018,7:30 PM,San Jose Sharks,Ottawa Senators
1/5/2018,7:30 PM,Florida Panthers,Detroit Red Wings
1/5/2018,8:00 PM,Buffalo Sabres,Winnipeg Jets
1/5/2018,8:30 PM,Vegas Golden Knights,Chicago Blackhawks
1/6/2018,1:00 PM,St. Louis Blues,Philadelphia Flyers
1/6/2018,3:00 PM,Minnesota Wild,Colorado Avalanche
1/6/2018,3:00 PM,Edmonton Oilers,Dallas Stars
1/6/2018,7:00 PM,Carolina Hurricanes,Boston Bruins
1/6/2018,7:00 PM,Vancouver Canucks,Toronto Maple Leafs
1/6/2018,7:00 PM,Tampa Bay Lightning,Ottawa Senators
1/6/2018,8:00 PM,New York Rangers,Arizona Coyotes
1/6/2018,10:00 PM,Anaheim Ducks,Calgary Flames
1/6/2018,10:30 PM,Nashville Predators,Los Angeles Kings
1/7/2018,1:00 PM,New Jersey Devils,New York Islanders
1/7/2018,1:00 PM,Buffalo Sabres,Philadelphia Flyers
1/7/2018,3:00 PM,Edmonton Oilers,Chicago Blackhawks
1/7/2018,3:00 PM,San Jose Sharks,Winnipeg Jets
1/7/2018,3:00 PM,St. Louis Blues,Washington Capitals
1/7/2018,5:00 PM,Florida Panthers,Columbus Blue Jackets
1/7/2018,7:00 PM,Vancouver Canucks,Montreal Canadiens
1/7/2018,7:00 PM,Tampa Bay Lightning,Detroit Red Wings
1/7/2018,7:30 PM,Boston Bruins,Pittsburgh Penguins
1/7/2018,9:30 PM,New York Rangers,Vegas Golden Knights
1/8/2018,7:00 PM,Columbus Blue Jackets,Toronto Maple Leafs
1/9/2018,7:00 PM,Winnipeg Jets,Buffalo Sabres
1/9/2018,7:00 PM,Vancouver Canucks,Washington Capitals
1/9/2018,7:30 PM,Chicago Blackhawks,Ottawa Senators
1/9/2018,7:30 PM,Carolina Hurricanes,Tampa Bay Lightning
1/9/2018,8:00 PM,Florida Panthers,St. Louis Blues
1/9/2018,8:00 PM,Edmonton Oilers,Nashville Predators
1/9/2018,8:00 PM,Calgary Flames,Minnesota Wild
1/10/2018,7:30 PM,Ottawa Senators,Toronto Maple Leafs
1/10/2018,8:00 PM,Minnesota Wild,Chicago Blackhawks
1/11/2018,7:00 PM,Columbus Blue Jackets,Buffalo Sabres
1/11/2018,7:00 PM,Carolina Hurricanes,Washington Capitals
1/11/2018,7:30 PM,Calgary Flames,Tampa Bay Lightning
1/12/2018,7:00 PM,Vancouver Canucks,Columbus Blue Jackets
1/12/2018,7:30 PM,Calgary Flames,Florida Panthers
1/12/2018,7:30 PM,Washington Capitals,Carolina Hurricanes
1/12/2018,8:30 PM,Winnipeg Jets,Chicago Blackhawks
1/12/2018,9:00 PM,Edmonton Oilers,Arizona Coyotes
1/13/2018,1:00 PM,New York Islanders,New York Rangers
1/13/2018,1:00 PM,Detroit Red Wings,Pittsburgh Penguins
1/13/2018,7:00 PM,Winnipeg Jets,Minnesota Wild
1/13/2018,7:00 PM,Boston Bruins,Montreal Canadiens
1/13/2018,7:00 PM,Philadelphia Flyers,New Jersey Devils
1/13/2018,9:00 PM,Colorado Avalanche,Dallas Stars
1/13/2018,10:00 PM,Edmonton Oilers,Vegas Golden Knights
1/13/2018,10:30 PM,Anaheim Ducks,Los Angeles Kings
1/13/2018,10:30 PM,Arizona Coyotes,San Jose Sharks
1/14/2018,12:30 PM,New York Rangers,Pittsburgh Penguins
1/14/2018,3:00 PM,Calgary Flames,Carolina Hurricanes
1/14/2018,7:00 PM,Detroit Red Wings,Chicago Blackhawks
1/14/2018,7:00 PM,Vancouver Canucks,Minnesota Wild
1/15/2018,1:00 PM,Dallas Stars,Boston Bruins
1/15/2018,3:00 PM,Anaheim Ducks,Colorado Avalanche
1/15/2018,4:00 PM,San Jose Sharks,Los Angeles Kings
1/15/2018,7:30 PM,New York Islanders,Montreal Canadiens
1/16/2018,7:00 PM,St. Louis Blues,Toronto Maple Leafs
1/16/2018,7:00 PM,New Jersey Devils,New York Islanders
1/16/2018,7:00 PM,Philadelphia Flyers,New York Rangers
1/16/2018,7:30 PM,Dallas Stars,Detroit Red Wings
1/16/2018,8:00 PM,Vegas Golden Knights,Nashville Predators
1/16/2018,9:00 PM,San Jose Sharks,Arizona Coyotes
1/17/2018,7:30 PM,Montreal Canadiens,Boston Bruins
1/17/2018,10:00 PM,Pittsburgh Penguins,Anaheim Ducks
1/18/2018,7:00 PM,Washington Capitals,New Jersey Devils
1/18/2018,7:00 PM,Boston Bruins,New York Islanders
1/18/2018,7:00 PM,Buffalo Sabres,New York Rangers
1/18/2018,7:00 PM,Toronto Maple Leafs,Philadelphia Flyers
1/18/2018,7:00 PM,Dallas Stars,Columbus Blue Jackets
1/18/2018,7:30 PM,St. Louis Blues,Ottawa Senators
1/18/2018,7:30 PM,Vegas Golden Knights,Tampa Bay Lightning
1/18/2018,8:00 PM,Arizona Coyotes,Nashville Predators
1/18/2018,9:00 PM,San Jose Sharks,Colorado Avalanche
1/18/2018,10:30 PM,Pittsburgh Penguins,Los Angeles Kings
1/19/2018,7:30 PM,Vegas Golden Knights,Florida Panthers
1/19/2018,7:30 PM,Montreal Canadiens,Washington Capitals
1/19/2018,10:00 PM,Los Angeles Kings,Anaheim Ducks
1/20/2018,1:00 PM,Dallas Stars,Buffalo Sabres
1/20/2018,1:00 PM,New Jersey Devils,Philadelphia Flyers
1/20/2018,3:00 PM,New York Rangers,Colorado Avalanche
1/20/2018,3:00 PM,Winnipeg Jets,Calgary Flames
1/20/2018,7:00 PM,Boston Bruins,Montreal Canadiens
1/20/2018,7:00 PM,Toronto Maple Leafs,Ottawa Senators
1/20/2018,7:00 PM,Carolina Hurricanes,Detroit Red Wings
1/20/2018,8:00 PM,Pittsburgh Penguins,San Jose Sharks
1/20/2018,8:00 PM,Arizona Coyotes,St. Louis Blues
1/20/2018,8:00 PM,Florida Panthers,Nashville Predators
1/20/2018,8:30 PM,New York Islanders,Chicago Blackhawks
1/20/2018,9:00 PM,Tampa Bay Lightning,Minnesota Wild
1/20/2018,10:00 PM,Vancouver Canucks,Edmonton Oilers
1/21/2018,12:30 PM,Philadelphia Flyers,Washington Capitals
1/21/2018,5:00 PM,Vegas Golden Knights,Carolina Hurricanes
1/21/2018,8:00 PM,Vancouver Canucks,Winnipeg Jets
1/21/2018,9:00 PM,San Jose Sharks,Anaheim Ducks
1/21/2018,10:30 PM,New York Rangers,Los Angeles Kings
1/22/2018,7:00 PM,Colorado Avalanche,Toronto Maple Leafs
1/22/2018,7:00 PM,Detroit Red Wings,New Jersey Devils
1/22/2018,8:00 PM,Ottawa Senators,Minnesota Wild
1/22/2018,8:30 PM,Tampa Bay Lightning,Chicago Blackhawks
1/22/2018,9:00 PM,Buffalo Sabres,Calgary Flames
1/22/2018,9:00 PM,New York Islanders,Arizona Coyotes
1/23/2018,7:00 PM,New Jersey Devils,Boston Bruins
1/23/2018,7:00 PM,Carolina Hurricanes,Pittsburgh Penguins
1/23/2018,7:30 PM,Colorado Avalanche,Montreal Canadiens
1/23/2018,7:30 PM,Philadelphia Flyers,Detroit Red Wings
1/23/2018,8:00 PM,Ottawa Senators,St. Louis Blues
1/23/2018,8:00 PM,Tampa Bay Lightning,Nashville Predators
1/23/2018,8:30 PM,Florida Panthers,Dallas Stars
1/23/2018,9:00 PM,Buffalo Sabres,Edmonton Oilers
1/23/2018,10:00 PM,Los Angeles Kings,Vancouver Canucks
1/23/2018,10:00 PM,Columbus Blue Jackets,Vegas Golden Knights
1/23/2018,10:00 PM,New York Rangers,Anaheim Ducks
1/23/2018,10:30 PM,Winnipeg Jets,San Jose Sharks
1/24/2018,8:00 PM,Toronto Maple Leafs,Chicago Blackhawks
1/24/2018,10:00 PM,Los Angeles Kings,Calgary Flames
1/25/2018,7:00 PM,Nashville Predators,New Jersey Devils
1/25/2018,7:00 PM,Tampa Bay Lightning,Philadelphia Flyers
1/25/2018,7:00 PM,Minnesota Wild,Pittsburgh Penguins
1/25/2018,7:30 PM,Carolina Hurricanes,Montreal Canadiens
1/25/2018,7:30 PM,Boston Bruins,Ottawa Senators
1/25/2018,7:30 PM,Chicago Blackhawks,Detroit Red Wings
1/25/2018,7:30 PM,Washington Capitals,Florida Panthers
1/25/2018,8:00 PM,Colorado Avalanche,St. Louis Blues
1/25/2018,8:30 PM,Toronto Maple Leafs,Dallas Stars
1/25/2018,9:00 PM,Calgary Flames,Edmonton Oilers
1/25/2018,9:00 PM,Columbus Blue Jackets,Arizona Coyotes
1/25/2018,10:00 PM,Buffalo Sabres,Vancouver Canucks
1/25/2018,10:00 PM,New York Islanders,Vegas Golden Knights
1/25/2018,10:00 PM,Winnipeg Jets,Anaheim Ducks
1/25/2018,10:30 PM,New York Rangers,San Jose Sharks
1/30/2018,7:00 PM,Anaheim Ducks,Boston Bruins
1/30/2018,7:00 PM,New Jersey Devils,Buffalo Sabres
1/30/2018,7:00 PM,Florida Panthers,New York Islanders
1/30/2018,7:00 PM,San Jose Sharks,Pittsburgh Penguins
1/30/2018,7:00 PM,Ottawa Senators,Carolina Hurricanes
1/30/2018,7:00 PM,Minnesota Wild,Columbus Blue Jackets
1/30/2018,8:00 PM,Montreal Canadiens,St. Louis Blues
1/30/2018,8:00 PM,Chicago Blackhawks,Nashville Predators
1/30/2018,8:00 PM,Tampa Bay Lightning,Winnipeg Jets
1/30/2018,8:30 PM,Los Angeles Kings,Dallas Stars
1/30/2018,9:00 PM,Vegas Golden Knights,Calgary Flames
1/30/2018,10:00 PM,Colorado Avalanche,Vancouver Canucks
1/31/2018,7:30 PM,New York Islanders,Toronto Maple Leafs
1/31/2018,8:00 PM,San Jose Sharks,Detroit Red Wings
1/31/2018,8:00 PM,Philadelphia Flyers,Washington Capitals
2/1/2018,7:00 PM,St. Louis Blues,Boston Bruins
2/1/2018,7:00 PM,Florida Panthers,Buffalo Sabres
2/1/2018,7:00 PM,Philadelphia Flyers,New Jersey Devils
2/1/2018,7:00 PM,Toronto Maple Leafs,New York Rangers
2/1/2018,7:00 PM,Montreal Canadiens,Carolina Hurricanes
2/1/2018,7:30 PM,Anaheim Ducks,Ottawa Senators
2/1/2018,8:00 PM,Los Angeles Kings,Nashville Predators
2/1/2018,8:00 PM,Vegas Golden Knights,Winnipeg Jets
2/1/2018,9:00 PM,Tampa Bay Lightning,Calgary Flames
2/1/2018,9:00 PM,Colorado Avalanche,Edmonton Oilers
2/1/2018,9:00 PM,Dallas Stars,Arizona Coyotes
2/1/2018,10:00 PM,Chicago Blackhawks,Vancouver Canucks
2/2/2018,7:00 PM,Washington Capitals,Pittsburgh Penguins
2/2/2018,7:00 PM,Detroit Red Wings,Carolina Hurricanes
2/2/2018,7:00 PM,San Jose Sharks,Columbus Blue Jackets
2/2/2018,8:00 PM,Vegas Golden Knights,Minnesota Wild
2/3/2018,1:00 PM,Anaheim Ducks,Montreal Canadiens
2/3/2018,1:00 PM,Ottawa Senators,Philadelphia Flyers
2/3/2018,7:00 PM,Colorado Avalanche,Winnipeg Jets
2/3/2018,7:00 PM,Toronto Maple Leafs,Boston Bruins
2/3/2018,7:00 PM,St. Louis Blues,Buffalo Sabres
2/3/2018,7:00 PM,Detroit Red Wings,Florida Panthers
2/3/2018,7:00 PM,Pittsburgh Penguins,New Jersey Devils
2/3/2018,7:00 PM,Columbus Blue Jackets,New York Islanders
2/3/2018,8:00 PM,New York Rangers,Nashville Predators
2/3/2018,8:00 PM,Minnesota Wild,Dallas Stars
2/3/2018,10:00 PM,Tampa Bay Lightning,Vancouver Canucks
2/3/2018,10:00 PM,Chicago Blackhawks,Calgary Flames
2/3/2018,10:30 PM,Arizona Coyotes,Los Angeles Kings
2/4/2018,12:30 PM,Vegas Golden Knights,Washington Capitals
2/4/2018,1:00 PM,Ottawa Senators,Montreal Canadiens
2/4/2018,1:00 PM,San Jose Sharks,Carolina Hurricanes
2/5/2018,7:00 PM,Anaheim Ducks,Toronto Maple Leafs
2/5/2018,7:00 PM,Nashville Predators,New York Islanders
2/5/2018,8:30 PM,New York Rangers,Dallas Stars
2/5/2018,9:00 PM,Tampa Bay Lightning,Edmonton Oilers
2/6/2018,7:00 PM,Anaheim Ducks,Buffalo Sabres
2/6/2018,7:00 PM,Vegas Golden Knights,Pittsburgh Penguins
2/6/2018,7:00 PM,Philadelphia Flyers,Carolina Hurricanes
2/6/2018,7:00 PM,Washington Capitals,Columbus Blue Jackets
2/6/2018,7:30 PM,New Jersey Devils,Ottawa Senators
2/6/2018,7:30 PM,Boston Bruins,Detroit Red Wings
2/6/2018,7:30 PM,Vancouver Canucks,Florida Panthers
2/6/2018,8:00 PM,Minnesota Wild,St. Louis Blues
2/6/2018,8:00 PM,Arizona Coyotes,Winnipeg Jets
2/6/2018,8:30 PM,Calgary Flames,Chicago Blackhawks
2/6/2018,9:00 PM,San Jose Sharks,Colorado Avalanche
2/7/2018,7:30 PM,Nashville Predators,Toronto Maple Leafs
2/7/2018,8:00 PM,Boston Bruins,New York Rangers
2/7/2018,10:30 PM,Edmonton Oilers,Los Angeles Kings
2/8/2018,7:00 PM,New York Islanders,Buffalo Sabres
2/8/2018,7:00 PM,Calgary Flames,New Jersey Devils
2/8/2018,7:00 PM,Montreal Canadiens,Philadelphia Flyers
2/8/2018,7:30 PM,Nashville Predators,Ottawa Senators
2/8/2018,7:30 PM,Vancouver Canucks,Tampa Bay Lightning
2/8/2018,8:00 PM,Colorado Avalanche,St. Louis Blues
2/8/2018,8:00 PM,Arizona Coyotes,Minnesota Wild
2/8/2018,8:30 PM,Dallas Stars,Chicago Blackhawks
2/8/2018,10:30 PM,Vegas Golden Knights,San Jose Sharks
2/9/2018,7:00 PM,Detroit Red Wings,New York Islanders
2/9/2018,7:00 PM,Calgary Flames,New York Rangers
2/9/2018,7:00 PM,Columbus Blue Jackets,Washington Capitals
2/9/2018,7:30 PM,Los Angeles Kings,Florida Panthers
2/9/2018,7:30 PM,Vancouver Canucks,Carolina Hurricanes
2/9/2018,8:00 PM,St. Louis Blues,Winnipeg Jets
2/9/2018,8:30 PM,Pittsburgh Penguins,Dallas Stars
2/9/2018,10:00 PM,Edmonton Oilers,Anaheim Ducks
2/10/2018,7:00 PM,Buffalo Sabres,Boston Bruins
2/10/2018,7:00 PM,Ottawa Senators,Toronto Maple Leafs
2/10/2018,7:00 PM,Nashville Predators,Montreal Canadiens
2/10/2018,7:00 PM,Los Angeles Kings,Tampa Bay Lightning
2/10/2018,7:00 PM,Colorado Avalanche,Carolina Hurricanes
2/10/2018,7:00 PM,New Jersey Devils,Columbus Blue Jackets
2/10/2018,8:00 PM,Philadelphia Flyers,Arizona Coyotes
2/10/2018,8:00 PM,Chicago Blackhawks,Minnesota Wild
2/10/2018,10:00 PM,Edmonton Oilers,San Jose Sharks
2/11/2018,3:00 PM,Pittsburgh Penguins,St. Louis Blues
2/11/2018,3:00 PM,New York Rangers,Winnipeg Jets
2/11/2018,3:00 PM,Detroit Red Wings,Washington Capitals
2/11/2018,4:00 PM,Vancouver Canucks,Dallas Stars
2/11/2018,7:00 PM,Colorado Avalanche,Buffalo Sabres
2/11/2018,7:00 PM,Boston Bruins,New Jersey Devils
2/11/2018,7:00 PM,Calgary Flames,New York Islanders
2/11/2018,8:00 PM,Philadelphia Flyers,Vegas Golden Knights
2/11/2018,8:00 PM,San Jose Sharks,Anaheim Ducks
2/12/2018,7:00 PM,Tampa Bay Lightning,Toronto Maple Leafs
2/12/2018,9:00 PM,Florida Panthers,Edmonton Oilers
2/12/2018,9:00 PM,Chicago Blackhawks,Arizona Coyotes
2/13/2018,7:00 PM,Calgary Flames,Boston Bruins
2/13/2018,7:00 PM,Tampa Bay Lightning,Buffalo Sabres
2/13/2018,7:00 PM,Columbus Blue Jackets,New York Islanders
2/13/2018,7:00 PM,New Jersey Devils,Philadelphia Flyers
2/13/2018,7:00 PM,Ottawa Senators,Pittsburgh Penguins
2/13/2018,7:00 PM,Los Angeles Kings,Carolina Hurricanes
2/13/2018,7:30 PM,Anaheim Ducks,Detroit Red Wings
2/13/2018,8:00 PM,St. Louis Blues,Nashville Predators
2/13/2018,8:00 PM,New York Rangers,Minnesota Wild
2/13/2018,8:00 PM,Washington Capitals,Winnipeg Jets
2/13/2018,10:00 PM,Chicago Blackhawks,Vegas Golden Knights
2/13/2018,10:30 PM,Arizona Coyotes,San Jose Sharks
2/14/2018,7:00 PM,Columbus Blue Jackets,Toronto Maple Leafs
2/14/2018,9:30 PM,Montreal Canadiens,Colorado Avalanche
2/14/2018,10:00 PM,Florida Panthers,Vancouver Canucks
2/15/2018,7:00 PM,Carolina Hurricanes,New Jersey Devils
2/15/2018,7:00 PM,New York Rangers,New York Islanders
2/15/2018,7:00 PM,Los Angeles Kings,Pittsburgh Penguins
2/15/2018,7:30 PM,Buffalo Sabres,Ottawa Senators
2/15/2018,7:30 PM,Detroit Red Wings,Tampa Bay Lightning
2/15/2018,8:00 PM,Calgary Flames,Nashville Predators
2/15/2018,8:00 PM,Washington Capitals,Minnesota Wild
2/15/2018,8:30 PM,Anaheim Ducks,Chicago Blackhawks
2/15/2018,9:00 PM,Montreal Canadiens,Arizona Coyotes
2/15/2018,10:00 PM,Edmonton Oilers,Vegas Golden Knights
2/15/2018,10:30 PM,Vancouver Canucks,San Jose Sharks
2/16/2018,7:00 PM,Philadelphia Flyers,Columbus Blue Jackets
2/16/2018,7:30 PM,New York Islanders,Carolina Hurricanes
2/16/2018,8:00 PM,Colorado Avalanche,Winnipeg Jets
2/16/2018,8:30 PM,St. Louis Blues,Dallas Stars
2/17/2018,1:00 PM,Los Angeles Kings,Buffalo Sabres
2/17/2018,2:00 PM,Anaheim Ducks,Minnesota Wild
2/17/2018,2:00 PM,New York Rangers,Ottawa Senators
2/17/2018,4:00 PM,Edmonton Oilers,Arizona Coyotes
2/17/2018,7:00 PM,Montreal Canadiens,Vegas Golden Knights
2/17/2018,7:00 PM,New Jersey Devils,Tampa Bay Lightning
2/17/2018,7:00 PM,Toronto Maple Leafs,Pittsburgh Penguins
2/17/2018,8:00 PM,Detroit Red Wings,Nashville Predators
2/17/2018,8:30 PM,Washington Capitals,Chicago Blackhawks
2/17/2018,10:00 PM,Boston Bruins,Vancouver Canucks
2/17/2018,10:00 PM,Florida Panthers,Calgary Flames
2/18/2018,1:00 PM,Philadelphia Flyers,New York Rangers
2/18/2018,3:00 PM,Edmonton Oilers,Colorado Avalanche
2/18/2018,5:00 PM,New Jersey Devils,Carolina Hurricanes
2/18/2018,6:00 PM,Pittsburgh Penguins,Columbus Blue Jackets
2/18/2018,7:00 PM,Toronto Maple Leafs,Detroit Red Wings
2/18/2018,8:00 PM,Dallas Stars,San Jose Sharks
2/18/2018,8:00 PM,Florida Panthers,Winnipeg Jets
2/19/2018,1:00 PM,Minnesota Wild,New York Islanders
2/19/2018,3:00 PM,Washington Capitals,Buffalo Sabres
2/19/2018,4:00 PM,Boston Bruins,Calgary Flames
2/19/2018,8:00 PM,Ottawa Senators,Nashville Predators
2/19/2018,8:30 PM,Los Angeles Kings,Chicago Blackhawks
2/19/2018,10:00 PM,Anaheim Ducks,Vegas Golden Knights
2/20/2018,7:00 PM,Florida Panthers,Toronto Maple Leafs
2/20/2018,7:00 PM,Columbus Blue Jackets,New Jersey Devils
2/20/2018,7:00 PM,Montreal Canadiens,Philadelphia Flyers
2/20/2018,7:00 PM,Tampa Bay Lightning,Washington Capitals
2/20/2018,7:30 PM,Nashville Predators,Detroit Red Wings
2/20/2018,8:00 PM,San Jose Sharks,St. Louis Blues
2/20/2018,8:00 PM,Los Angeles Kings,Winnipeg Jets
2/20/2018,9:00 PM,Boston Bruins,Edmonton Oilers
2/20/2018,10:00 PM,Colorado Avalanche,Vancouver Canucks
2/21/2018,8:00 PM,Ottawa Senators,Chicago Blackhawks
2/21/2018,10:00 PM,Dallas Stars,Anaheim Ducks
2/21/2018,10:30 PM,Calgary Flames,Vegas Golden Knights
2/22/2018,7:00 PM,New York Islanders,Toronto Maple Leafs
2/22/2018,7:00 PM,Minnesota Wild,New Jersey Devils
2/22/2018,7:00 PM,Columbus Blue Jackets,Philadelphia Flyers
2/22/2018,7:30 PM,New York Rangers,Montreal Canadiens
2/22/2018,7:30 PM,Tampa Bay Lightning,Ottawa Senators
2/22/2018,7:30 PM,Buffalo Sabres,Detroit Red Wings
2/22/2018,7:30 PM,Washington Capitals,Florida Panthers
2/22/2018,8:00 PM,San Jose Sharks,Nashville Predators
2/22/2018,9:00 PM,Colorado Avalanche,Edmonton Oilers
2/22/2018,9:00 PM,Calgary Flames,Arizona Coyotes
2/22/2018,10:30 PM,Dallas Stars,Los Angeles Kings
2/23/2018,7:00 PM,Minnesota Wild,New York Rangers
2/23/2018,7:30 PM,Pittsburgh Penguins,Carolina Hurricanes
2/23/2018,8:00 PM,Winnipeg Jets,St. Louis Blues
2/23/2018,8:30 PM,San Jose Sharks,Chicago Blackhawks
2/23/2018,10:30 PM,Vancouver Canucks,Vegas Golden Knights
2/24/2018,2:00 PM,Philadelphia Flyers,Ottawa Senators
2/24/2018,4:00 PM,Colorado Avalanche,Calgary Flames
2/24/2018,7:00 PM,Winnipeg Jets,Dallas Stars
2/24/2018,7:00 PM,Boston Bruins,Toronto Maple Leafs
2/24/2018,7:00 PM,Tampa Bay Lightning,Montreal Canadiens
2/24/2018,7:00 PM,Carolina Hurricanes,Detroit Red Wings
2/24/2018,7:00 PM,Pittsburgh Penguins,Florida Panthers
2/24/2018,7:00 PM,New York Islanders,New Jersey Devils
2/24/2018,7:00 PM,Buffalo Sabres,Washington Capitals
2/24/2018,7:00 PM,Chicago Blackhawks,Columbus Blue Jackets
2/24/2018,8:00 PM,Anaheim Ducks,Arizona Coyotes
2/24/2018,10:00 PM,Edmonton Oilers,Los Angeles Kings
2/25/2018,5:00 PM,Boston Bruins,Buffalo Sabres
2/25/2018,6:00 PM,St. Louis Blues,Nashville Predators
2/25/2018,7:00 PM,Detroit Red Wings,New York Rangers
2/25/2018,8:00 PM,Edmonton Oilers,Anaheim Ducks
2/25/2018,8:00 PM,San Jose Sharks,Minnesota Wild
2/25/2018,9:30 PM,Vancouver Canucks,Arizona Coyotes
2/26/2018,7:00 PM,Washington Capitals,Columbus Blue Jackets
2/26/2018,7:30 PM,Philadelphia Flyers,Montreal Canadiens
2/26/2018,7:30 PM,Toronto Maple Leafs,Tampa Bay Lightning
2/26/2018,9:00 PM,Vancouver Canucks,Colorado Avalanche
2/26/2018,10:30 PM,Vegas Golden Knights,Los Angeles Kings
2/27/2018,7:00 PM,Carolina Hurricanes,Boston Bruins
2/27/2018,7:00 PM,New Jersey Devils,Pittsburgh Penguins
2/27/2018,7:00 PM,Ottawa Senators,Washington Capitals
2/27/2018,7:30 PM,Toronto Maple Leafs,Florida Panthers
2/27/2018,8:00 PM,St. Louis Blues,Minnesota Wild
2/27/2018,8:00 PM,Nashville Predators,Winnipeg Jets
2/27/2018,8:30 PM,Calgary Flames,Dallas Stars
2/27/2018,10:00 PM,Los Angeles Kings,Vegas Golden Knights
2/27/2018,10:30 PM,Edmonton Oilers,San Jose Sharks
2/28/2018,7:00 PM,New York Islanders,Montreal Canadiens
2/28/2018,7:00 PM,Buffalo Sabres,Tampa Bay Lightning
2/28/2018,8:00 PM,Detroit Red Wings,St. Louis Blues
2/28/2018,9:30 PM,Calgary Flames,Colorado Avalanche
2/28/2018,10:00 PM,New York Rangers,Vancouver Canucks
3/1/2018,7:00 PM,Pittsburgh Penguins,Boston Bruins
3/1/2018,7:00 PM,Carolina Hurricanes,Philadelphia Flyers
3/1/2018,7:30 PM,New Jersey Devils,Florida Panthers
3/1/2018,8:30 PM,Tampa Bay Lightning,Dallas Stars
3/1/2018,9:00 PM,Nashville Predators,Edmonton Oilers
3/1/2018,9:00 PM,Minnesota Wild,Arizona Coyotes
3/1/2018,10:30 PM,Columbus Blue Jackets,Los Angeles Kings
3/1/2018,10:30 PM,Chicago Blackhawks,San Jose Sharks
3/2/2018,7:00 PM,Montreal Canadiens,New York Islanders
3/2/2018,7:30 PM,Buffalo Sabres,Florida Panthers
3/2/2018,7:30 PM,New Jersey Devils,Carolina Hurricanes
3/2/2018,8:00 PM,Detroit Red Wings,Winnipeg Jets
3/2/2018,9:00 PM,Minnesota Wild,Colorado Avalanche
3/2/2018,9:00 PM,New York Rangers,Calgary Flames
3/2/2018,10:00 PM,Nashville Predators,Vancouver Canucks
3/2/2018,10:00 PM,Ottawa Senators,Vegas Golden Knights
3/2/2018,10:00 PM,Columbus Blue Jackets,Anaheim Ducks
3/3/2018,1:00 PM,Philadelphia Flyers,Tampa Bay Lightning
3/3/2018,2:00 PM,St. Louis Blues,Dallas Stars
3/3/2018,4:00 PM,Chicago Blackhawks,Los Angeles Kings
3/3/2018,5:00 PM,Montreal Canadiens,Boston Bruins
3/3/2018,5:00 PM,New York Islanders,Pittsburgh Penguins
3/3/2018,8:00 PM,Ottawa Senators,Arizona Coyotes
3/3/2018,8:00 PM,Toronto Maple Leafs,Washington Capitals
3/3/2018,10:30 PM,New York Rangers,Edmonton Oilers
3/4/2018,3:00 PM,Nashville Predators,Colorado Avalanche
3/4/2018,3:00 PM,Philadelphia Flyers,Florida Panthers
3/4/2018,4:00 PM,Chicago Blackhawks,Anaheim Ducks
3/4/2018,5:00 PM,Vegas Golden Knights,New Jersey Devils
3/4/2018,7:00 PM,Winnipeg Jets,Carolina Hurricanes
3/4/2018,7:30 PM,Detroit Red Wings,Minnesota Wild
3/4/2018,9:00 PM,Columbus Blue Jackets,San Jose Sharks
3/5/2018,7:00 PM,Toronto Maple Leafs,Buffalo Sabres
3/5/2018,7:00 PM,Calgary Flames,Pittsburgh Penguins
3/5/2018,8:30 PM,Ottawa Senators,Dallas Stars
3/5/2018,9:00 PM,Arizona Coyotes,Edmonton Oilers
3/5/2018,10:00 PM,New York Islanders,Vancouver Canucks
3/6/2018,7:00 PM,Detroit Red Wings,Boston Bruins
3/6/2018,7:00 PM,Montreal Canadiens,New Jersey Devils
3/6/2018,7:00 PM,Winnipeg Jets,New York Rangers
3/6/2018,7:00 PM,Vegas Golden Knights,Columbus Blue Jackets
3/6/2018,7:30 PM,Florida Panthers,Tampa Bay Lightning
3/6/2018,8:00 PM,Dallas Stars,Nashville Predators
3/6/2018,8:00 PM,Carolina Hurricanes,Minnesota Wild
3/6/2018,8:30 PM,Colorado Avalanche,Chicago Blackhawks
3/6/2018,10:00 PM,Washington Capitals,Anaheim Ducks
3/7/2018,7:30 PM,Calgary Flames,Buffalo Sabres
3/7/2018,8:00 PM,Pittsburgh Penguins,Philadelphia Flyers
3/7/2018,10:00 PM,Arizona Coyotes,Vancouver Canucks
3/8/2018,7:00 PM,Philadelphia Flyers,Boston Bruins
3/8/2018,7:00 PM,Winnipeg Jets,New Jersey Devils
3/8/2018,7:00 PM,Colorado Avalanche,Columbus Blue Jackets
3/8/2018,7:30 PM,Buffalo Sabres,Ottawa Senators
3/8/2018,7:30 PM,Vegas Golden Knights,Detroit Red Wings
3/8/2018,7:30 PM,New York Rangers,Tampa Bay Lightning
3/8/2018,7:30 PM,Montreal Canadiens,Florida Panthers
3/8/2018,8:00 PM,Anaheim Ducks,Nashville Predators
3/8/2018,8:30 PM,Carolina Hurricanes,Chicago Blackhawks
3/8/2018,9:00 PM,New York Islanders,Edmonton Oilers
3/8/2018,10:30 PM,Washington Capitals,Los Angeles Kings
3/8/2018,10:30 PM,St. Louis Blues,San Jose Sharks
3/9/2018,7:00 PM,Detroit Red Wings,Columbus Blue Jackets
3/9/2018,7:30 PM,Calgary Flames,Ottawa Senators
3/9/2018,8:30 PM,Anaheim Ducks,Dallas Stars
3/9/2018,10:00 PM,Minnesota Wild,Vancouver Canucks
3/10/2018,1:00 PM,Chicago Blackhawks,Boston Bruins
3/10/2018,1:00 PM,Vegas Golden Knights,Buffalo Sabres
3/10/2018,1:00 PM,Montreal Canadiens,Tampa Bay Lightning
3/10/2018,1:00 PM,Winnipeg Jets,Philadelphia Flyers
3/10/2018,3:00 PM,Arizona Coyotes,Colorado Avalanche
3/10/2018,4:00 PM,St. Louis Blues,Los Angeles Kings
3/10/2018,4:00 PM,Washington Capitals,San Jose Sharks
3/10/2018,7:00 PM,Pittsburgh Penguins,Toronto Maple Leafs
3/10/2018,7:00 PM,New York Rangers,Florida Panthers
3/10/2018,8:00 PM,New Jersey Devils,Nashville Predators
3/10/2018,10:00 PM,Minnesota Wild,Edmonton Oilers
3/11/2018,12:30 PM,Boston Bruins,Chicago Blackhawks
3/11/2018,7:00 PM,New York Islanders,Calgary Flames
3/11/2018,7:30 PM,Dallas Stars,Pittsburgh Penguins
3/11/2018,9:00 PM,Vancouver Canucks,Arizona Coyotes
3/12/2018,7:00 PM,Carolina Hurricanes,New York Rangers
3/12/2018,7:00 PM,Vegas Golden Knights,Philadelphia Flyers
3/12/2018,7:00 PM,Winnipeg Jets,Washington Capitals
3/12/2018,7:00 PM,Montreal Canadiens,Columbus Blue Jackets
3/12/2018,7:30 PM,Ottawa Senators,Florida Panthers
3/12/2018,10:00 PM,St. Louis Blues,Anaheim Ducks
3/12/2018,10:30 PM,Vancouver Canucks,Los Angeles Kings
3/12/2018,10:30 PM,Detroit Red Wings,San Jose Sharks
3/13/2018,7:00 PM,Boston Bruins,Carolina Hurricanes
3/13/2018,7:30 PM,Dallas Stars,Montreal Canadiens
3/13/2018,7:30 PM,Ottawa Senators,Tampa Bay Lightning
3/13/2018,8:00 PM,Winnipeg Jets,Nashville Predators
3/13/2018,8:00 PM,Colorado Avalanche,Minnesota Wild
3/13/2018,9:00 PM,Edmonton Oilers,Calgary Flames
3/13/2018,10:00 PM,Los Angeles Kings,Arizona Coyotes
3/14/2018,7:00 PM,Dallas Stars,Toronto Maple Leafs
3/14/2018,8:00 PM,Pittsburgh Penguins,New York Rangers
3/14/2018,9:30 PM,San Jose Sharks,Edmonton Oilers
3/14/2018,10:00 PM,New Jersey Devils,Vegas Golden Knights
3/14/2018,10:00 PM,Vancouver Canucks,Anaheim Ducks
3/15/2018,7:00 PM,Toronto Maple Leafs,Buffalo Sabres
3/15/2018,7:00 PM,Washington Capitals,New York Islanders
3/15/2018,7:00 PM,Columbus Blue Jackets,Philadelphia Flyers
3/15/2018,7:30 PM,Pittsburgh Penguins,Montreal Canadiens
3/15/2018,7:30 PM,Boston Bruins,Florida Panthers
3/15/2018,8:00 PM,Colorado Avalanche,St. Louis Blues
3/15/2018,8:00 PM,Chicago Blackhawks,Winnipeg Jets
3/15/2018,10:00 PM,Nashville Predators,Arizona Coyotes
3/15/2018,10:30 PM,Detroit Red Wings,Los Angeles Kings
3/16/2018,7:00 PM,New York Islanders,Washington Capitals
3/16/2018,7:30 PM,Dallas Stars,Ottawa Senators
3/16/2018,9:00 PM,Nashville Predators,Colorado Avalanche
3/16/2018,9:00 PM,San Jose Sharks,Calgary Flames
3/16/2018,10:00 PM,Detroit Red Wings,Anaheim Ducks
3/16/2018,10:30 PM,Minnesota Wild,Vegas Golden Knights
3/17/2018,1:00 PM,Chicago Blackhawks,Buffalo Sabres
3/17/2018,2:00 PM,Edmonton Oilers,Florida Panthers
3/17/2018,4:00 PM,New Jersey Devils,Los Angeles Kings
3/17/2018,7:00 PM,Montreal Canadiens,Toronto Maple Leafs
3/17/2018,7:00 PM,Boston Bruins,Tampa Bay Lightning
3/17/2018,7:00 PM,Philadelphia Flyers,Carolina Hurricanes
3/17/2018,7:00 PM,Ottawa Senators,Columbus Blue Jackets
3/17/2018,8:00 PM,New York Rangers,St. Louis Blues
3/17/2018,9:00 PM,Minnesota Wild,Arizona Coyotes
3/17/2018,10:00 PM,San Jose Sharks,Vancouver Canucks
3/18/2018,3:00 PM,Detroit Red Wings,Colorado Avalanche
3/18/2018,4:00 PM,Calgary Flames,Vegas Golden Knights
3/18/2018,5:00 PM,Edmonton Oilers,Tampa Bay Lightning
3/18/2018,5:00 PM,Carolina Hurricanes,New York Islanders
3/18/2018,5:00 PM,Washington Capitals,Philadelphia Flyers
3/18/2018,7:30 PM,St. Louis Blues,Chicago Blackhawks
3/18/2018,7:30 PM,Dallas Stars,Winnipeg Jets
3/18/2018,9:00 PM,New Jersey Devils,Anaheim Ducks
3/19/2018,7:00 PM,Columbus Blue Jackets,Boston Bruins
3/19/2018,7:00 PM,Nashville Predators,Buffalo Sabres
3/19/2018,7:30 PM,Florida Panthers,Montreal Canadiens
3/19/2018,8:00 PM,Los Angeles Kings,Minnesota Wild
3/19/2018,10:00 PM,Calgary Flames,Arizona Coyotes
3/20/2018,7:00 PM,Pittsburgh Penguins,New York Islanders
3/20/2018,7:00 PM,Columbus Blue Jackets,New York Rangers
3/20/2018,7:00 PM,Dallas Stars,Washington Capitals
3/20/2018,7:00 PM,Edmonton Oilers,Carolina Hurricanes
3/20/2018,7:30 PM,Florida Panthers,Ottawa Senators
3/20/2018,7:30 PM,Philadelphia Flyers,Detroit Red Wings
3/20/2018,7:30 PM,Toronto Maple Leafs,Tampa Bay Lightning
3/20/2018,8:00 PM,Los Angeles Kings,Winnipeg Jets
3/20/2018,8:30 PM,Colorado Avalanche,Chicago Blackhawks
3/20/2018,10:00 PM,Vancouver Canucks,Vegas Golden Knights
3/20/2018,10:30 PM,New Jersey Devils,San Jose Sharks
3/21/2018,7:00 PM,Arizona Coyotes,Buffalo Sabres
3/21/2018,7:00 PM,Montreal Canadiens,Pittsburgh Penguins
3/21/2018,8:00 PM,Boston Bruins,St. Louis Blues
3/21/2018,9:30 PM,Anaheim Ducks,Calgary Flames
3/22/2018,7:00 PM,Tampa Bay Lightning,New York Islanders
3/22/2018,7:00 PM,New York Rangers,Philadelphia Flyers
3/22/2018,7:00 PM,Arizona Coyotes,Carolina Hurricanes
3/22/2018,7:00 PM,Florida Panthers,Columbus Blue Jackets
3/22/2018,7:30 PM,Edmonton Oilers,Ottawa Senators
3/22/2018,7:30 PM,Washington Capitals,Detroit Red Wings
3/22/2018,8:00 PM,Toronto Maple Leafs,Nashville Predators
3/22/2018,8:30 PM,Vancouver Canucks,Chicago Blackhawks
3/22/2018,9:00 PM,Los Angeles Kings,Colorado Avalanche
3/22/2018,10:30 PM,Vegas Golden Knights,San Jose Sharks
3/23/2018,7:00 PM,Montreal Canadiens,Buffalo Sabres
3/23/2018,7:00 PM,New Jersey Devils,Pittsburgh Penguins
3/23/2018,8:00 PM,Vancouver Canucks,St. Louis Blues
3/23/2018,8:00 PM,Anaheim Ducks,Winnipeg Jets
3/23/2018,8:30 PM,Boston Bruins,Dallas Stars
3/24/2018,3:00 PM,Vegas Golden Knights,Colorado Avalanche
3/24/2018,4:00 PM,Calgary Flames,San Jose Sharks
3/24/2018,7:00 PM,Detroit Red Wings,Toronto Maple Leafs
3/24/2018,7:00 PM,Washington Capitals,Montreal Canadiens
3/24/2018,7:00 PM,Carolina Hurricanes,Ottawa Senators
3/24/2018,7:00 PM,Arizona Coyotes,Florida Panthers
3/24/2018,7:00 PM,Tampa Bay Lightning,New Jersey Devils
3/24/2018,7:00 PM,Chicago Blackhawks,New York Islanders
3/24/2018,7:00 PM,Buffalo Sabres,New York Rangers
3/24/2018,7:00 PM,St. Louis Blues,Columbus Blue Jackets
3/24/2018,8:00 PM,Nashville Predators,Minnesota Wild
3/24/2018,10:00 PM,Los Angeles Kings,Edmonton Oilers
3/25/2018,12:30 PM,Philadelphia Flyers,Pittsburgh Penguins
3/25/2018,7:00 PM,Vancouver Canucks,Dallas Stars
3/25/2018,7:00 PM,Nashville Predators,Winnipeg Jets
3/25/2018,7:30 PM,Boston Bruins,Minnesota Wild
3/25/2018,9:30 PM,Anaheim Ducks,Edmonton Oilers
3/26/2018,7:00 PM,Buffalo Sabres,Toronto Maple Leafs
3/26/2018,7:00 PM,Florida Panthers,New York Islanders
3/26/2018,7:00 PM,Washington Capitals,New York Rangers
3/26/2018,7:00 PM,Ottawa Senators,Carolina Hurricanes
3/26/2018,7:30 PM,Detroit Red Wings,Montreal Canadiens
3/26/2018,7:30 PM,Arizona Coyotes,Tampa Bay Lightning
3/26/2018,8:30 PM,San Jose Sharks,Chicago Blackhawks
3/26/2018,10:00 PM,Colorado Avalanche,Vegas Golden Knights
3/26/2018,10:30 PM,Calgary Flames,Los Angeles Kings
3/27/2018,7:00 PM,Carolina Hurricanes,New Jersey Devils
3/27/2018,7:30 PM,New York Islanders,Ottawa Senators
3/27/2018,7:30 PM,Pittsburgh Penguins,Detroit Red Wings
3/27/2018,8:00 PM,San Jose Sharks,St. Louis Blues
3/27/2018,8:00 PM,Minnesota Wild,Nashville Predators
3/27/2018,8:00 PM,Boston Bruins,Winnipeg Jets
3/27/2018,8:30 PM,Philadelphia Flyers,Dallas Stars
3/27/2018,9:00 PM,Columbus Blue Jackets,Edmonton Oilers
3/27/2018,10:00 PM,Anaheim Ducks,Vancouver Canucks
3/28/2018,7:30 PM,Florida Panthers,Toronto Maple Leafs
3/28/2018,8:00 PM,New York Rangers,Washington Capitals
3/28/2018,10:00 PM,Arizona Coyotes,Vegas Golden Knights
3/28/2018,10:00 PM,Philadelphia Flyers,Colorado Avalanche
3/29/2018,7:00 PM,Tampa Bay Lightning,Boston Bruins
3/29/2018,7:00 PM,Detroit Red Wings,Buffalo Sabres
3/29/2018,7:00 PM,Pittsburgh Penguins,New Jersey Devils
3/29/2018,7:30 PM,Florida Panthers,Ottawa Senators
3/29/2018,8:00 PM,San Jose Sharks,Nashville Predators
3/29/2018,8:00 PM,Dallas Stars,Minnesota Wild
3/29/2018,8:30 PM,Winnipeg Jets,Chicago Blackhawks
3/29/2018,9:00 PM,Columbus Blue Jackets,Calgary Flames
3/29/2018,10:00 PM,Edmonton Oilers,Vancouver Canucks
3/29/2018,10:30 PM,Arizona Coyotes,Los Angeles Kings
3/30/2018,7:00 PM,Toronto Maple Leafs,New York Islanders
3/30/2018,7:00 PM,Tampa Bay Lightning,New York Rangers
3/30/2018,7:00 PM,Carolina Hurricanes,Washington Capitals
3/30/2018,9:00 PM,Chicago Blackhawks,Colorado Avalanche
3/30/2018,10:00 PM,Los Angeles Kings,Anaheim Ducks
3/30/2018,10:30 PM,St. Louis Blues,Vegas Golden Knights
3/31/2018,1:00 PM,Florida Panthers,Boston Bruins
3/31/2018,2:00 PM,Ottawa Senators,Detroit Red Wings
3/31/2018,4:00 PM,Columbus Blue Jackets,Vancouver Canucks
3/31/2018,7:00 PM,Winnipeg Jets,Toronto Maple Leafs
3/31/2018,7:00 PM,New York Islanders,New Jersey Devils
3/31/2018,7:00 PM,Montreal Canadiens,Pittsburgh Penguins
3/31/2018,7:00 PM,New York Rangers,Carolina Hurricanes
3/31/2018,8:00 PM,Buffalo Sabres,Nashville Predators
3/31/2018,8:00 PM,Minnesota Wild,Dallas Stars
3/31/2018,9:00 PM,St. Louis Blues,Arizona Coyotes
3/31/2018,10:00 PM,Edmonton Oilers,Calgary Flames
3/31/2018,10:30 PM,San Jose Sharks,Vegas Golden Knights
4/1/2018,12:30 PM,Boston Bruins,Philadelphia Flyers
4/1/2018,6:00 PM,Nashville Predators,Tampa Bay Lightning
4/1/2018,7:00 PM,New Jersey Devils,Montreal Canadiens
4/1/2018,7:30 PM,Washington Capitals,Pittsburgh Penguins
4/1/2018,9:00 PM,Colorado Avalanche,Anaheim Ducks
4/2/2018,7:00 PM,Buffalo Sabres,Toronto Maple Leafs
4/2/2018,7:30 PM,Winnipeg Jets,Ottawa Senators
4/2/2018,7:30 PM,Carolina Hurricanes,Florida Panthers
4/2/2018,8:00 PM,Washington Capitals,St. Louis Blues
4/2/2018,8:00 PM,Edmonton Oilers,Minnesota Wild
4/2/2018,10:30 PM,Colorado Avalanche,Los Angeles Kings
4/3/2018,7:00 PM,New York Rangers,New Jersey Devils
4/3/2018,7:00 PM,Philadelphia Flyers,New York Islanders
4/3/2018,7:00 PM,Detroit Red Wings,Columbus Blue Jackets
4/3/2018,7:30 PM,Winnipeg Jets,Montreal Canadiens
4/3/2018,7:30 PM,Boston Bruins,Tampa Bay Lightning
4/3/2018,7:30 PM,Nashville Predators,Florida Panthers
4/3/2018,9:00 PM,Arizona Coyotes,Calgary Flames
4/3/2018,10:00 PM,Vegas Golden Knights,Vancouver Canucks
4/3/2018,10:30 PM,Dallas Stars,San Jose Sharks
4/4/2018,7:30 PM,Ottawa Senators,Buffalo Sabres
4/4/2018,8:00 PM,Chicago Blackhawks,St. Louis Blues
4/4/2018,10:00 PM,Minnesota Wild,Anaheim Ducks
4/5/2018,7:00 PM,Toronto Maple Leafs,New Jersey Devils
4/5/2018,7:00 PM,New York Rangers,New York Islanders
4/5/2018,7:00 PM,Carolina Hurricanes,Philadelphia Flyers
4/5/2018,7:00 PM,Nashville Predators,Washington Capitals
4/5/2018,7:00 PM,Pittsburgh Penguins,Columbus Blue Jackets
4/5/2018,7:30 PM,Montreal Canadiens,Detroit Red Wings
4/5/2018,7:30 PM,Boston Bruins,Florida Panthers
4/5/2018,8:00 PM,Calgary Flames,Winnipeg Jets
4/5/2018,9:00 PM,Vegas Golden Knights,Edmonton Oilers
4/5/2018,10:00 PM,Arizona Coyotes,Vancouver Canucks
4/5/2018,10:30 PM,Minnesota Wild,Los Angeles Kings
4/5/2018,10:30 PM,Colorado Avalanche,San Jose Sharks
4/6/2018,7:00 PM,Ottawa Senators,Pittsburgh Penguins
4/6/2018,7:30 PM,Buffalo Sabres,Tampa Bay Lightning
4/6/2018,8:30 PM,St. Louis Blues,Chicago Blackhawks
4/6/2018,10:00 PM,Dallas Stars,Anaheim Ducks
4/7/2018,3:00 PM,New York Rangers,Philadelphia Flyers
4/7/2018,7:00 PM,Chicago Blackhawks,Winnipeg Jets
4/7/2018,7:00 PM,Ottawa Senators,Boston Bruins
4/7/2018,7:00 PM,Montreal Canadiens,Toronto Maple Leafs
4/7/2018,7:00 PM,New York Islanders,Detroit Red Wings
4/7/2018,7:00 PM,Buffalo Sabres,Florida Panthers
4/7/2018,7:00 PM,New Jersey Devils,Washington Capitals
4/7/2018,7:00 PM,Tampa Bay Lightning,Carolina Hurricanes
4/7/2018,8:00 PM,Columbus Blue Jackets,Nashville Predators
4/7/2018,9:00 PM,Anaheim Ducks,Arizona Coyotes
4/7/2018,9:00 PM,St. Louis Blues,Colorado Avalanche
4/7/2018,10:00 PM,Vegas Golden Knights,Calgary Flames
4/7/2018,10:00 PM,Vancouver Canucks,Edmonton Oilers
4/7/2018,10:30 PM,Dallas Stars,Los Angeles Kings
4/7/2018,10:30 PM,Minnesota Wild,San Jose Sharks
